case,expert_ranking,proxy,aggregation,spearman_mean,spearman_std,kendall_mean,kendall_std,n
Expert_A,1-2-3-4-5-7-8-6,readTime,per_student,0.2743506493506494,0.32125771618965104,0.20616883116883117,0.2694071641671222,44
Expert_A,1-2-3-4-5-7-8-6,readTime,avg,0.523809523809524,0.0,0.42857142857142855,0.0,8
Expert_A,1-2-3-4-5-7-8-6,readTime,median,0.5714285714285715,0.0,0.42857142857142855,0.0,8
Expert_A,1-2-3-4-5-7-8-6,log_readTime,per_student,0.2421536796536797,0.4016700024321049,0.1880411255411255,0.3258037524260877,44
Expert_A,1-2-3-4-5-7-8-6,log_readTime,avg,0.523809523809524,0.0,0.42857142857142855,0.0,8
Expert_A,1-2-3-4-5-7-8-6,log_readTime,median,0.5714285714285715,0.0,0.42857142857142855,0.0,8
Expert_A,1-2-3-4-5-7-8-6,time_function,per_student,0.15692640692640694,0.3206889109368628,0.1201298701298701,0.25231889630843335,44
Expert_A,1-2-3-4-5-7-8-6,time_function,avg,0.6428571428571429,0.0,0.4999999999999999,0.0,8
Expert_A,1-2-3-4-5-7-8-6,time_function,median,0.4523809523809524,0.0,0.2857142857142857,0.0,8
Expert_A,1-2-3-4-5-7-8-6,time_output,per_student,0.471861471861472,0.3002061893332912,0.37824675324675316,0.25291874362205424,44
Expert_A,1-2-3-4-5-7-8-6,time_output,avg,0.9047619047619048,0.0,0.7857142857142856,0.0,8
Expert_A,1-2-3-4-5-7-8-6,time_output,median,0.9285714285714287,0.0,0.8571428571428571,0.0,8
Expert_A,1-2-3-4-5-7-8-6,time_syntaxBL,per_student,-0.07792207792207793,0.2603190700909775,-0.05194805194805194,0.19434469380489847,44
Expert_A,1-2-3-4-5-7-8-6,time_syntaxBL,avg,-0.14285714285714288,0.0,-0.14285714285714285,0.0,8
Expert_A,1-2-3-4-5-7-8-6,time_syntaxBL,median,-0.1904761904761905,0.047619047619047616,-0.10714285714285714,0.03571428571428571,8
Expert_A,1-2-3-4-5-7-8-6,time_scaleSM,per_student,0.14935064935064934,0.3489265437753793,0.11850649350649353,0.27345585272602296,44
Expert_A,1-2-3-4-5-7-8-6,time_scaleSM,avg,0.7142857142857144,0.0,0.5714285714285714,0.0,8
Expert_A,1-2-3-4-5-7-8-6,time_scaleSM,median,0.33333333333333337,0.27216552697590873,0.25,0.23779743280283544,8
Expert_A,1-2-3-4-5-7-8-6,time_scaleST,per_student,0.10687229437229438,0.3265533482243309,0.07224025974025974,0.24620126872994946,44
Expert_A,1-2-3-4-5-7-8-6,time_scaleST,avg,0.41666666666666674,0.03571428571428567,0.25,0.03571428571428571,8
Expert_A,1-2-3-4-5-7-8-6,time_scaleST,median,0.4047619047619048,0.13220897816633082,0.2857142857142857,0.11664236870396084,8
Expert_A,1-2-3-4-5-7-8-6,log_time_function,per_student,0.15692640692640694,0.3206889109368628,0.1201298701298701,0.25231889630843335,44
Expert_A,1-2-3-4-5-7-8-6,log_time_function,avg,0.523809523809524,0.0,0.3571428571428571,0.0,8
Expert_A,1-2-3-4-5-7-8-6,log_time_function,median,0.4523809523809524,0.0,0.2857142857142857,0.0,8
Expert_A,1-2-3-4-5-7-8-6,log_time_output,per_student,0.471861471861472,0.3002061893332912,0.37824675324675316,0.25291874362205424,44
Expert_A,1-2-3-4-5-7-8-6,log_time_output,avg,0.9285714285714287,0.0,0.8571428571428571,0.0,8
Expert_A,1-2-3-4-5-7-8-6,log_time_output,median,0.9285714285714287,0.0,0.8571428571428571,0.0,8
Expert_A,1-2-3-4-5-7-8-6,log_time_syntaxBL,per_student,-0.07792207792207793,0.2603190700909775,-0.05194805194805194,0.19434469380489847,44
Expert_A,1-2-3-4-5-7-8-6,log_time_syntaxBL,avg,-0.09523809523809526,0.0,-0.07142857142857142,0.0,8
Expert_A,1-2-3-4-5-7-8-6,log_time_syntaxBL,median,-0.1904761904761905,0.047619047619047616,-0.10714285714285714,0.03571428571428571,8
Expert_A,1-2-3-4-5-7-8-6,log_time_scaleSM,per_student,0.14935064935064934,0.3489265437753793,0.11850649350649353,0.27345585272602296,44
Expert_A,1-2-3-4-5-7-8-6,log_time_scaleSM,avg,0.5952380952380953,0.0,0.42857142857142855,0.0,8
Expert_A,1-2-3-4-5-7-8-6,log_time_scaleSM,median,0.33333333333333337,0.27216552697590873,0.25,0.23779743280283544,8
Expert_A,1-2-3-4-5-7-8-6,log_time_scaleST,per_student,0.10687229437229438,0.3265533482243309,0.07224025974025974,0.24620126872994946,44
Expert_A,1-2-3-4-5-7-8-6,log_time_scaleST,avg,0.6666666666666669,0.0,0.4999999999999999,0.0,8
Expert_A,1-2-3-4-5-7-8-6,log_time_scaleST,median,0.4047619047619048,0.13220897816633082,0.2857142857142857,0.11664236870396084,8
Expert_A,1-2-3-4-5-7-8-6,acc_function,per_student,0.10714285714285716,0.399660686323974,0.08279220779220778,0.3156747572577006,44
Expert_A,1-2-3-4-5-7-8-6,acc_function,avg,0.08333333333333334,0.03571428571428571,0.03571428571428571,0.03571428571428571,8
Expert_A,1-2-3-4-5-7-8-6,acc_function,median,0.19047619047619052,0.23829356819051478,0.14285714285714285,0.1934294858246657,8
Expert_A,1-2-3-4-5-7-8-6,acc_output,per_student,0.2922077922077922,0.23297324213149206,0.21915584415584413,0.17472993159861902,44
Expert_A,1-2-3-4-5-7-8-6,acc_output,avg,0.8095238095238096,0.023809523809523836,0.6785714285714285,0.0357142857142857,8
Expert_A,1-2-3-4-5-7-8-6,acc_output,median,0.5714285714285714,0.18671889453997764,0.42857142857142855,0.1934294858246657,8
Expert_A,1-2-3-4-5-7-8-6,acc_syntaxBL,per_student,-0.0497835497835498,0.14356051427524183,-0.037337662337662336,0.10767038570643135,44
Expert_A,1-2-3-4-5-7-8-6,acc_syntaxBL,avg,-0.4047619047619048,0.05323971374999496,-0.2857142857142857,0.05050762722761052,8
Expert_A,1-2-3-4-5-7-8-6,acc_syntaxBL,median,0,0,0,0,8
Expert_A,1-2-3-4-5-7-8-6,scaleSM,per_student,0.393939393939394,0.21643668788890758,0.30762987012987014,0.1689306493877903,44
Expert_A,1-2-3-4-5-7-8-6,scaleSM,avg,0.5476190476190477,0.0,0.42857142857142855,0.0,8
Expert_A,1-2-3-4-5-7-8-6,scaleSM,median,0.39285714285714296,0.10625736380155466,0.3214285714285714,0.08501700510170059,8
Expert_A,1-2-3-4-5-7-8-6,scaleST,per_student,0.39691558441558444,0.2446598168489977,0.3019480519480519,0.1943446938048985,44
Expert_A,1-2-3-4-5-7-8-6,scaleST,avg,0.6904761904761906,0.0,0.5714285714285714,0.0,8
Expert_A,1-2-3-4-5-7-8-6,scaleST,median,0.6190476190476192,0.07142857142857142,0.49999999999999994,0.07715167498104594,8
Expert_A,1-2-3-4-5-8-7-6,readTime,per_student,0.2527056277056277,0.3108204571011026,0.19318181818181818,0.2554278784303703,44
Expert_A,1-2-3-4-5-8-7-6,readTime,avg,0.4761904761904762,0.0,0.3571428571428571,0.0,8
Expert_A,1-2-3-4-5-8-7-6,readTime,median,0.5476190476190477,0.0,0.3571428571428571,0.0,8
Expert_A,1-2-3-4-5-8-7-6,log_readTime,per_student,0.22064393939393945,0.3995385646920894,0.174512987012987,0.314427350490885,44
Expert_A,1-2-3-4-5-8-7-6,log_readTime,avg,0.4761904761904762,0.0,0.3571428571428571,0.0,8
Expert_A,1-2-3-4-5-8-7-6,log_readTime,median,0.5476190476190477,0.0,0.3571428571428571,0.0,8
Expert_A,1-2-3-4-5-8-7-6,time_function,per_student,0.09821428571428573,0.3355112542701197,0.0762987012987013,0.25738071938423007,44
Expert_A,1-2-3-4-5-8-7-6,time_function,avg,0.5476190476190477,0.0,0.42857142857142855,0.0,8
Expert_A,1-2-3-4-5-8-7-6,time_function,median,0.3571428571428572,0.0,0.21428571428571427,0.0,8
Expert_A,1-2-3-4-5-8-7-6,time_output,per_student,0.46293290043290053,0.2969062449961018,0.3571428571428571,0.2501159285942204,44
Expert_A,1-2-3-4-5-8-7-6,time_output,avg,0.8571428571428572,0.0,0.7142857142857142,0.0,8
Expert_A,1-2-3-4-5-8-7-6,time_output,median,0.9047619047619048,0.0,0.7857142857142856,0.0,8
Expert_A,1-2-3-4-5-8-7-6,time_syntaxBL,per_student,-0.058712121212121215,0.26730218758589125,-0.040584415584415584,0.19466309752544794,44
Expert_A,1-2-3-4-5-8-7-6,time_syntaxBL,avg,-0.09523809523809526,0.0,-0.07142857142857142,0.0,8
Expert_A,1-2-3-4-5-8-7-6,time_syntaxBL,median,-0.10714285714285718,0.05952380952380954,-0.03571428571428571,0.03571428571428571,8
Expert_A,1-2-3-4-5-8-7-6,time_scaleSM,per_student,0.1195887445887446,0.3421261686939271,0.09577922077922078,0.2700422482141324,44
Expert_A,1-2-3-4-5-8-7-6,time_scaleSM,avg,0.5952380952380953,0.0,0.4999999999999999,0.0,8
Expert_A,1-2-3-4-5-8-7-6,time_scaleSM,median,0.33333333333333337,0.27216552697590873,0.25,0.23779743280283544,8
Expert_A,1-2-3-4-5-8-7-6,time_scaleST,per_student,0.08035714285714288,0.3120229300129152,0.052759740259740256,0.24024191536195036,44
Expert_A,1-2-3-4-5-8-7-6,time_scaleST,avg,0.25,0.035714285714285726,0.17857142857142855,0.03571428571428571,8
Expert_A,1-2-3-4-5-8-7-6,time_scaleST,median,0.28571428571428575,0.14964053678543496,0.21428571428571427,0.11664236870396084,8
Expert_A,1-2-3-4-5-8-7-6,log_time_function,per_student,0.09821428571428573,0.3355112542701197,0.0762987012987013,0.25738071938423007,44
Expert_A,1-2-3-4-5-8-7-6,log_time_function,avg,0.4285714285714286,0.0,0.2857142857142857,0.0,8
Expert_A,1-2-3-4-5-8-7-6,log_time_function,median,0.3571428571428572,0.0,0.21428571428571427,0.0,8
Expert_A,1-2-3-4-5-8-7-6,log_time_output,per_student,0.46293290043290053,0.2969062449961018,0.3571428571428571,0.2501159285942204,44
Expert_A,1-2-3-4-5-8-7-6,log_time_output,avg,0.9047619047619048,0.0,0.7857142857142856,0.0,8
Expert_A,1-2-3-4-5-8-7-6,log_time_output,median,0.9047619047619048,0.0,0.7857142857142856,0.0,8
Expert_A,1-2-3-4-5-8-7-6,log_time_syntaxBL,per_student,-0.058712121212121215,0.26730218758589125,-0.040584415584415584,0.19466309752544794,44
Expert_A,1-2-3-4-5-8-7-6,log_time_syntaxBL,avg,-0.04761904761904763,0.0,0.0,0.0,8
Expert_A,1-2-3-4-5-8-7-6,log_time_syntaxBL,median,-0.10714285714285718,0.05952380952380954,-0.03571428571428571,0.03571428571428571,8
Expert_A,1-2-3-4-5-8-7-6,log_time_scaleSM,per_student,0.1195887445887446,0.3421261686939271,0.09577922077922078,0.2700422482141324,44
Expert_A,1-2-3-4-5-8-7-6,log_time_scaleSM,avg,0.4523809523809524,0.0,0.3571428571428571,0.0,8
Expert_A,1-2-3-4-5-8-7-6,log_time_scaleSM,median,0.33333333333333337,0.27216552697590873,0.25,0.23779743280283544,8
Expert_A,1-2-3-4-5-8-7-6,log_time_scaleST,per_student,0.08035714285714288,0.3120229300129152,0.052759740259740256,0.24024191536195036,44
Expert_A,1-2-3-4-5-8-7-6,log_time_scaleST,avg,0.523809523809524,0.0,0.42857142857142855,0.0,8
Expert_A,1-2-3-4-5-8-7-6,log_time_scaleST,median,0.28571428571428575,0.14964053678543496,0.21428571428571427,0.11664236870396084,8
Expert_A,1-2-3-4-5-8-7-6,acc_function,per_student,0.061147186147186165,0.38461770687124824,0.04707792207792206,0.30311967219585084,44
Expert_A,1-2-3-4-5-8-7-6,acc_function,avg,-0.023809523809523815,0.023809523809523815,-0.03571428571428571,0.03571428571428571,8
Expert_A,1-2-3-4-5-8-7-6,acc_function,median,0.09523809523809526,0.22671201360453497,0.07142857142857142,0.1934294858246657,8
Expert_A,1-2-3-4-5-8-7-6,acc_output,per_student,0.26839826839826847,0.21346425257037466,0.20129870129870128,0.16009818942778095,44
Expert_A,1-2-3-4-5-8-7-6,acc_output,avg,0.761904761904762,0.023809523809523836,0.6071428571428571,0.0357142857142857,8
Expert_A,1-2-3-4-5-8-7-6,acc_output,median,0.4761904761904762,0.21647907455533105,0.3571428571428571,0.1934294858246657,8
Expert_A,1-2-3-4-5-8-7-6,acc_syntaxBL,per_student,-0.01948051948051949,0.17417182834882125,-0.0146103896103896,0.1306288712616159,44
Expert_A,1-2-3-4-5-8-7-6,acc_syntaxBL,avg,-0.30952380952380953,0.053239713749995025,-0.21428571428571427,0.050507627227610534,8
Expert_A,1-2-3-4-5-8-7-6,acc_syntaxBL,median,0,0,0,0,8
Expert_A,1-2-3-4-5-8-7-6,scaleSM,per_student,0.3336038961038962,0.2202671771538984,0.260551948051948,0.17654360724926735,44
Expert_A,1-2-3-4-5-8-7-6,scaleSM,avg,0.4523809523809524,0.0,0.3571428571428571,0.0,8
Expert_A,1-2-3-4-5-8-7-6,scaleSM,median,0.3333333333333334,0.0986492293226671,0.25,0.08501700510170059,8
Expert_A,1-2-3-4-5-8-7-6,scaleST,per_student,0.3292748917748918,0.23774247652374667,0.25162337662337664,0.19111080208693776,44
Expert_A,1-2-3-4-5-8-7-6,scaleST,avg,0.5714285714285715,0.0,0.4999999999999999,0.0,8
Expert_A,1-2-3-4-5-8-7-6,scaleST,median,0.5357142857142858,0.06261799142087103,0.42857142857142844,0.07715167498104594,8
Expert_A,1-2-3-5-4-7-8-6,readTime,per_student,0.26325757575757575,0.3231895794401922,0.2029220779220779,0.2662585116786359,44
Expert_A,1-2-3-5-4-7-8-6,readTime,avg,0.4761904761904762,0.0,0.3571428571428571,0.0,8
Expert_A,1-2-3-5-4-7-8-6,readTime,median,0.5476190476190477,0.0,0.3571428571428571,0.0,8
Expert_A,1-2-3-5-4-7-8-6,log_readTime,per_student,0.2311958874458875,0.39333841532306896,0.18425324675324672,0.31106518305811715,44
Expert_A,1-2-3-5-4-7-8-6,log_readTime,avg,0.4761904761904762,0.0,0.3571428571428571,0.0,8
Expert_A,1-2-3-5-4-7-8-6,log_readTime,median,0.5476190476190477,0.0,0.3571428571428571,0.0,8
Expert_A,1-2-3-5-4-7-8-6,time_function,per_student,0.17505411255411255,0.31408538833873534,0.14285714285714285,0.24543607777705084,44
Expert_A,1-2-3-5-4-7-8-6,time_function,avg,0.6904761904761906,0.0,0.5714285714285714,0.0,8
Expert_A,1-2-3-5-4-7-8-6,time_function,median,0.5476190476190477,0.0,0.3571428571428571,0.0,8
Expert_A,1-2-3-5-4-7-8-6,time_output,per_student,0.49918831168831174,0.3012804834378264,0.400974025974026,0.2581985495245004,44
Expert_A,1-2-3-5-4-7-8-6,time_output,avg,0.9523809523809524,0.0,0.8571428571428571,0.0,8
Expert_A,1-2-3-5-4-7-8-6,time_output,median,0.9761904761904763,0.0,0.9285714285714285,0.0,8
Expert_A,1-2-3-5-4-7-8-6,time_syntaxBL,per_student,-0.1363636363636364,0.27671680873733834,-0.10714285714285712,0.21211016845533862,44
Expert_A,1-2-3-5-4-7-8-6,time_syntaxBL,avg,-0.2142857142857143,0.0,-0.21428571428571427,0.0,8
Expert_A,1-2-3-5-4-7-8-6,time_syntaxBL,median,-0.23809523809523814,0.047619047619047616,-0.17857142857142855,0.03571428571428571,8
Expert_A,1-2-3-5-4-7-8-6,time_scaleSM,per_student,0.1333874458874459,0.3507047740590593,0.10227272727272728,0.27322446177158577,44
Expert_A,1-2-3-5-4-7-8-6,time_scaleSM,avg,0.6190476190476191,0.0,0.4999999999999999,0.0,8
Expert_A,1-2-3-5-4-7-8-6,time_scaleSM,median,0.33333333333333337,0.27216552697590873,0.25,0.23779743280283544,8
Expert_A,1-2-3-5-4-7-8-6,time_scaleST,per_student,0.09902597402597403,0.3286307580939176,0.06737012987012986,0.2540506616791463,44
Expert_A,1-2-3-5-4-7-8-6,time_scaleST,avg,0.3095238095238096,0.047619047619047616,0.17857142857142855,0.03571428571428571,8
Expert_A,1-2-3-5-4-7-8-6,time_scaleST,median,0.3333333333333333,0.14351699460337403,0.21428571428571427,0.11664236870396084,8
Expert_A,1-2-3-5-4-7-8-6,log_time_function,per_student,0.17505411255411255,0.31408538833873534,0.14285714285714285,0.24543607777705084,44
Expert_A,1-2-3-5-4-7-8-6,log_time_function,avg,0.5952380952380953,0.0,0.42857142857142855,0.0,8
Expert_A,1-2-3-5-4-7-8-6,log_time_function,median,0.5476190476190477,0.0,0.3571428571428571,0.0,8
Expert_A,1-2-3-5-4-7-8-6,log_time_output,per_student,0.49918831168831174,0.3012804834378264,0.400974025974026,0.2581985495245004,44
Expert_A,1-2-3-5-4-7-8-6,log_time_output,avg,0.9761904761904763,0.0,0.9285714285714285,0.0,8
Expert_A,1-2-3-5-4-7-8-6,log_time_output,median,0.9761904761904763,0.0,0.9285714285714285,0.0,8
Expert_A,1-2-3-5-4-7-8-6,log_time_syntaxBL,per_student,-0.1363636363636364,0.27671680873733834,-0.10714285714285712,0.21211016845533862,44
Expert_A,1-2-3-5-4-7-8-6,log_time_syntaxBL,avg,-0.14285714285714288,0.0,-0.14285714285714285,0.0,8
Expert_A,1-2-3-5-4-7-8-6,log_time_syntaxBL,median,-0.23809523809523814,0.047619047619047616,-0.17857142857142855,0.03571428571428571,8
Expert_A,1-2-3-5-4-7-8-6,log_time_scaleSM,per_student,0.1333874458874459,0.3507047740590593,0.10227272727272728,0.27322446177158577,44
Expert_A,1-2-3-5-4-7-8-6,log_time_scaleSM,avg,0.5000000000000001,0.0,0.3571428571428571,0.0,8
Expert_A,1-2-3-5-4-7-8-6,log_time_scaleSM,median,0.33333333333333337,0.27216552697590873,0.25,0.23779743280283544,8
Expert_A,1-2-3-5-4-7-8-6,log_time_scaleST,per_student,0.09902597402597403,0.3286307580939176,0.06737012987012986,0.2540506616791463,44
Expert_A,1-2-3-5-4-7-8-6,log_time_scaleST,avg,0.5952380952380953,0.0,0.42857142857142855,0.0,8
Expert_A,1-2-3-5-4-7-8-6,log_time_scaleST,median,0.3333333333333333,0.14351699460337403,0.21428571428571427,0.11664236870396084,8
Expert_A,1-2-3-5-4-7-8-6,acc_function,per_student,0.12121212121212127,0.40829777784374527,0.09740259740259738,0.3226315544379408,44
Expert_A,1-2-3-5-4-7-8-6,acc_function,avg,0.16666666666666669,0.023809523809523822,0.10714285714285714,0.03571428571428571,8
Expert_A,1-2-3-5-4-7-8-6,acc_function,median,0.19047619047619052,0.23829356819051478,0.14285714285714285,0.1934294858246657,8
Expert_A,1-2-3-5-4-7-8-6,acc_output,per_student,0.3203463203463204,0.2526633306278406,0.2402597402597402,0.18949749797088036,44
Expert_A,1-2-3-5-4-7-8-6,acc_output,avg,0.8928571428571429,0.011904761904761862,0.7499999999999999,0.0357142857142857,8
Expert_A,1-2-3-5-4-7-8-6,acc_output,median,0.5714285714285715,0.18671889453997764,0.42857142857142855,0.1934294858246657,8
Expert_A,1-2-3-5-4-7-8-6,acc_syntaxBL,per_student,-0.05844155844155847,0.14531210816014764,-0.043831168831168825,0.10898408112011071,44
Expert_A,1-2-3-5-4-7-8-6,acc_syntaxBL,avg,-0.511904761904762,0.04292322946980943,-0.3571428571428571,0.050507627227610534,8
Expert_A,1-2-3-5-4-7-8-6,acc_syntaxBL,median,0,0,0,0,8
Expert_A,1-2-3-5-4-7-8-6,scaleSM,per_student,0.36201298701298706,0.21711275764549182,0.2751623376623376,0.16726885469321381,44
Expert_A,1-2-3-5-4-7-8-6,scaleSM,avg,0.5000000000000001,0.0,0.3571428571428571,0.0,8
Expert_A,1-2-3-5-4-7-8-6,scaleSM,median,0.3333333333333334,0.10423750425844205,0.25,0.08501700510170059,8
Expert_A,1-2-3-5-4-7-8-6,scaleST,per_student,0.36498917748917753,0.23912040096543022,0.2759740259740259,0.19298391041186463,44
Expert_A,1-2-3-5-4-7-8-6,scaleST,avg,0.6666666666666669,0.0,0.4999999999999999,0.0,8
Expert_A,1-2-3-5-4-7-8-6,scaleST,median,0.5357142857142857,0.07109711455225762,0.42857142857142844,0.07715167498104594,8
Expert_A,1-2-3-5-4-8-7-6,readTime,per_student,0.24161255411255417,0.3148433531166616,0.1899350649350649,0.25649864370985626,44
Expert_A,1-2-3-5-4-8-7-6,readTime,avg,0.4285714285714286,0.0,0.2857142857142857,0.0,8
Expert_A,1-2-3-5-4-8-7-6,readTime,median,0.523809523809524,0.0,0.2857142857142857,0.0,8
Expert_A,1-2-3-5-4-8-7-6,log_readTime,per_student,0.2096861471861472,0.3930392460428477,0.1707251082251082,0.3031089251361292,44
Expert_A,1-2-3-5-4-8-7-6,log_readTime,avg,0.4285714285714286,0.0,0.2857142857142857,0.0,8
Expert_A,1-2-3-5-4-8-7-6,log_readTime,median,0.523809523809524,0.0,0.2857142857142857,0.0,8
Expert_A,1-2-3-5-4-8-7-6,time_function,per_student,0.11634199134199136,0.32621164295603394,0.09902597402597402,0.24858873889705066,44
Expert_A,1-2-3-5-4-8-7-6,time_function,avg,0.5952380952380953,0.0,0.4999999999999999,0.0,8
Expert_A,1-2-3-5-4-8-7-6,time_function,median,0.4523809523809524,0.0,0.2857142857142857,0.0,8
Expert_A,1-2-3-5-4-8-7-6,time_output,per_student,0.4902597402597404,0.29555858973901666,0.3798701298701298,0.25231889630843335,44
Expert_A,1-2-3-5-4-8-7-6,time_output,avg,0.9047619047619048,0.0,0.7857142857142856,0.0,8
Expert_A,1-2-3-5-4-8-7-6,time_output,median,0.9523809523809524,0.0,0.8571428571428571,0.0,8
Expert_A,1-2-3-5-4-8-7-6,time_syntaxBL,per_student,-0.11715367965367968,0.28271039032431033,-0.09577922077922078,0.2104324451344315,44
Expert_A,1-2-3-5-4-8-7-6,time_syntaxBL,avg,-0.1666666666666667,0.0,-0.14285714285714285,0.0,8
Expert_A,1-2-3-5-4-8-7-6,time_syntaxBL,median,-0.15476190476190477,0.05952380952380952,-0.10714285714285714,0.03571428571428571,8
Expert_A,1-2-3-5-4-8-7-6,time_scaleSM,per_student,0.10362554112554113,0.3444028142350031,0.07954545454545453,0.2705882022679695,44
Expert_A,1-2-3-5-4-8-7-6,time_scaleSM,avg,0.5000000000000001,0.0,0.42857142857142855,0.0,8
Expert_A,1-2-3-5-4-8-7-6,time_scaleSM,median,0.33333333333333337,0.27216552697590873,0.25,0.23779743280283544,8
Expert_A,1-2-3-5-4-8-7-6,time_scaleST,per_student,0.07251082251082254,0.31354384702589205,0.04788961038961039,0.24742917290881788,44
Expert_A,1-2-3-5-4-8-7-6,time_scaleST,avg,0.1428571428571429,0.04761904761904763,0.10714285714285714,0.03571428571428571,8
Expert_A,1-2-3-5-4-8-7-6,time_scaleST,median,0.2142857142857143,0.15823334950299117,0.14285714285714285,0.11664236870396086,8
Expert_A,1-2-3-5-4-8-7-6,log_time_function,per_student,0.11634199134199136,0.32621164295603394,0.09902597402597402,0.24858873889705066,44
Expert_A,1-2-3-5-4-8-7-6,log_time_function,avg,0.5000000000000001,0.0,0.3571428571428571,0.0,8
Expert_A,1-2-3-5-4-8-7-6,log_time_function,median,0.4523809523809524,0.0,0.2857142857142857,0.0,8
Expert_A,1-2-3-5-4-8-7-6,log_time_output,per_student,0.4902597402597404,0.29555858973901666,0.3798701298701298,0.25231889630843335,44
Expert_A,1-2-3-5-4-8-7-6,log_time_output,avg,0.9523809523809524,0.0,0.8571428571428571,0.0,8
Expert_A,1-2-3-5-4-8-7-6,log_time_output,median,0.9523809523809524,0.0,0.8571428571428571,0.0,8
Expert_A,1-2-3-5-4-8-7-6,log_time_syntaxBL,per_student,-0.11715367965367968,0.28271039032431033,-0.09577922077922078,0.2104324451344315,44
Expert_A,1-2-3-5-4-8-7-6,log_time_syntaxBL,avg,-0.09523809523809526,0.0,-0.07142857142857142,0.0,8
Expert_A,1-2-3-5-4-8-7-6,log_time_syntaxBL,median,-0.15476190476190477,0.05952380952380952,-0.10714285714285714,0.03571428571428571,8
Expert_A,1-2-3-5-4-8-7-6,log_time_scaleSM,per_student,0.10362554112554113,0.3444028142350031,0.07954545454545453,0.2705882022679695,44
Expert_A,1-2-3-5-4-8-7-6,log_time_scaleSM,avg,0.3571428571428572,0.0,0.2857142857142857,0.0,8
Expert_A,1-2-3-5-4-8-7-6,log_time_scaleSM,median,0.33333333333333337,0.27216552697590873,0.25,0.23779743280283544,8
Expert_A,1-2-3-5-4-8-7-6,log_time_scaleST,per_student,0.07251082251082254,0.31354384702589205,0.04788961038961039,0.24742917290881788,44
Expert_A,1-2-3-5-4-8-7-6,log_time_scaleST,avg,0.4523809523809524,0.0,0.3571428571428571,0.0,8
Expert_A,1-2-3-5-4-8-7-6,log_time_scaleST,median,0.2142857142857143,0.15823334950299117,0.14285714285714285,0.11664236870396086,8
Expert_A,1-2-3-5-4-8-7-6,acc_function,per_student,0.07521645021645024,0.395673793055179,0.06168831168831166,0.3116629453963723,44
Expert_A,1-2-3-5-4-8-7-6,acc_function,avg,0.059523809523809534,0.011904761904761904,0.03571428571428571,0.03571428571428571,8
Expert_A,1-2-3-5-4-8-7-6,acc_function,median,0.09523809523809526,0.22671201360453497,0.07142857142857142,0.1934294858246657,8
Expert_A,1-2-3-5-4-8-7-6,acc_output,per_student,0.2965367965367966,0.2278903173440933,0.22240259740259735,0.17091773800806995,44
Expert_A,1-2-3-5-4-8-7-6,acc_output,avg,0.8452380952380953,0.011904761904761862,0.6785714285714285,0.0357142857142857,8
Expert_A,1-2-3-5-4-8-7-6,acc_output,median,0.4761904761904762,0.21647907455533105,0.3571428571428571,0.1934294858246657,8
Expert_A,1-2-3-5-4-8-7-6,acc_syntaxBL,per_student,-0.028138528138528143,0.17593821353028746,-0.021103896103896107,0.13195366014771556,44
Expert_A,1-2-3-5-4-8-7-6,acc_syntaxBL,avg,-0.41666666666666674,0.04292322946980938,-0.2857142857142857,0.05050762722761052,8
Expert_A,1-2-3-5-4-8-7-6,acc_syntaxBL,median,0,0,0,0,8
Expert_A,1-2-3-5-4-8-7-6,scaleSM,per_student,0.30167748917748927,0.22199259006941266,0.22808441558441556,0.1748335925438853,44
Expert_A,1-2-3-5-4-8-7-6,scaleSM,avg,0.4047619047619048,0.0,0.2857142857142857,0.0,8
Expert_A,1-2-3-5-4-8-7-6,scaleSM,median,0.27380952380952384,0.09297916280841255,0.17857142857142858,0.08501700510170059,8
Expert_A,1-2-3-5-4-8-7-6,scaleST,per_student,0.29734848484848486,0.2317955643450583,0.22564935064935063,0.19017079388899968,44
Expert_A,1-2-3-5-4-8-7-6,scaleST,avg,0.5476190476190477,0.0,0.42857142857142855,0.0,8
Expert_A,1-2-3-5-4-8-7-6,scaleST,median,0.45238095238095255,0.05667800340113374,0.35714285714285715,0.07715167498104594,8
Expert_A,2-1-3-4-5-7-8-6,readTime,per_student,0.24025974025974034,0.3353014017875059,0.17045454545454544,0.267246450628605,44
Expert_A,2-1-3-4-5-7-8-6,readTime,avg,0.5000000000000001,0.0,0.3571428571428571,0.0,8
Expert_A,2-1-3-4-5-7-8-6,readTime,median,0.5476190476190477,0.0,0.3571428571428571,0.0,8
Expert_A,2-1-3-4-5-7-8-6,log_readTime,per_student,0.20670995670995673,0.40502514763184944,0.15178571428571427,0.3220705169734185,44
Expert_A,2-1-3-4-5-7-8-6,log_readTime,avg,0.5000000000000001,0.0,0.3571428571428571,0.0,8
Expert_A,2-1-3-4-5-7-8-6,log_readTime,median,0.5476190476190477,0.0,0.3571428571428571,0.0,8
Expert_A,2-1-3-4-5-7-8-6,time_function,per_student,0.15773809523809526,0.33010110588292946,0.10714285714285712,0.2616709897267253,44
Expert_A,2-1-3-4-5-7-8-6,time_function,avg,0.6190476190476191,0.0,0.42857142857142855,0.0,8
Expert_A,2-1-3-4-5-7-8-6,time_function,median,0.4761904761904762,0.0,0.3571428571428571,0.0,8
Expert_A,2-1-3-4-5-7-8-6,time_output,per_student,0.4569805194805195,0.3099004525462518,0.36525974025974023,0.2536678566838717,44
Expert_A,2-1-3-4-5-7-8-6,time_output,avg,0.880952380952381,0.0,0.7142857142857142,0.0,8
Expert_A,2-1-3-4-5-7-8-6,time_output,median,0.9047619047619048,0.0,0.7857142857142856,0.0,8
Expert_A,2-1-3-4-5-7-8-6,time_syntaxBL,per_student,-0.11201298701298704,0.26811937838991773,-0.08116883116883114,0.19714503874363976,44
Expert_A,2-1-3-4-5-7-8-6,time_syntaxBL,avg,-0.261904761904762,0.0,-0.21428571428571427,0.0,8
Expert_A,2-1-3-4-5-7-8-6,time_syntaxBL,median,-0.25,0.05952380952380951,-0.17857142857142855,0.03571428571428571,8
Expert_A,2-1-3-4-5-7-8-6,time_scaleSM,per_student,0.1225649350649351,0.3457655653462792,0.10227272727272728,0.26503829635099185,44
Expert_A,2-1-3-4-5-7-8-6,time_scaleSM,avg,0.6428571428571429,0.0,0.4999999999999999,0.0,8
Expert_A,2-1-3-4-5-7-8-6,time_scaleSM,median,0.23809523809523808,0.303668674122365,0.17857142857142858,0.23779743280283544,8
Expert_A,2-1-3-4-5-7-8-6,time_scaleST,per_student,0.07440476190476192,0.32748547131260813,0.04788961038961039,0.24341313145282464,44
Expert_A,2-1-3-4-5-7-8-6,time_scaleST,avg,0.3571428571428572,0.023809523809523808,0.17857142857142855,0.03571428571428571,8
Expert_A,2-1-3-4-5-7-8-6,time_scaleST,median,0.4047619047619048,0.13220897816633082,0.2857142857142857,0.11664236870396084,8
Expert_A,2-1-3-4-5-7-8-6,log_time_function,per_student,0.15773809523809526,0.33010110588292946,0.10714285714285712,0.2616709897267253,44
Expert_A,2-1-3-4-5-7-8-6,log_time_function,avg,0.5476190476190477,0.0,0.42857142857142855,0.0,8
Expert_A,2-1-3-4-5-7-8-6,log_time_function,median,0.4761904761904762,0.0,0.3571428571428571,0.0,8
Expert_A,2-1-3-4-5-7-8-6,log_time_output,per_student,0.4569805194805195,0.3099004525462518,0.36525974025974023,0.2536678566838717,44
Expert_A,2-1-3-4-5-7-8-6,log_time_output,avg,0.9047619047619048,0.0,0.7857142857142856,0.0,8
Expert_A,2-1-3-4-5-7-8-6,log_time_output,median,0.9047619047619048,0.0,0.7857142857142856,0.0,8
Expert_A,2-1-3-4-5-7-8-6,log_time_syntaxBL,per_student,-0.11201298701298704,0.26811937838991773,-0.08116883116883114,0.19714503874363976,44
Expert_A,2-1-3-4-5-7-8-6,log_time_syntaxBL,avg,-0.19047619047619052,0.0,-0.14285714285714285,0.0,8
Expert_A,2-1-3-4-5-7-8-6,log_time_syntaxBL,median,-0.25,0.05952380952380951,-0.17857142857142855,0.03571428571428571,8
Expert_A,2-1-3-4-5-7-8-6,log_time_scaleSM,per_student,0.1225649350649351,0.3457655653462792,0.10227272727272728,0.26503829635099185,44
Expert_A,2-1-3-4-5-7-8-6,log_time_scaleSM,avg,0.523809523809524,0.0,0.3571428571428571,0.0,8
Expert_A,2-1-3-4-5-7-8-6,log_time_scaleSM,median,0.23809523809523808,0.303668674122365,0.17857142857142858,0.23779743280283544,8
Expert_A,2-1-3-4-5-7-8-6,log_time_scaleST,per_student,0.07440476190476192,0.32748547131260813,0.04788961038961039,0.24341313145282464,44
Expert_A,2-1-3-4-5-7-8-6,log_time_scaleST,avg,0.5952380952380953,0.0,0.42857142857142855,0.0,8
Expert_A,2-1-3-4-5-7-8-6,log_time_scaleST,median,0.4047619047619048,0.13220897816633082,0.2857142857142857,0.11664236870396084,8
Expert_A,2-1-3-4-5-7-8-6,acc_function,per_student,0.058982683982683984,0.41915578826887523,0.040584415584415584,0.3266700090642865,44
Expert_A,2-1-3-4-5-7-8-6,acc_function,avg,-0.011904761904761908,0.035714285714285726,-0.03571428571428571,0.03571428571428571,8
Expert_A,2-1-3-4-5-7-8-6,acc_function,median,0.09523809523809526,0.26154376275054103,0.07142857142857142,0.1934294858246657,8
Expert_A,2-1-3-4-5-7-8-6,acc_output,per_student,0.2835497835497836,0.2434367384457038,0.21266233766233764,0.18257755383427782,44
Expert_A,2-1-3-4-5-7-8-6,acc_output,avg,0.7380952380952382,0.023809523809523836,0.6071428571428571,0.0357142857142857,8
Expert_A,2-1-3-4-5-7-8-6,acc_output,median,0.5714285714285714,0.18671889453997764,0.42857142857142855,0.1934294858246657,8
Expert_A,2-1-3-4-5-7-8-6,acc_syntaxBL,per_student,-0.0800865800865801,0.17102306756253685,-0.060064935064935064,0.1282673006719026,44
Expert_A,2-1-3-4-5-7-8-6,acc_syntaxBL,avg,-0.48809523809523814,0.04908459078116265,-0.3571428571428571,0.050507627227610534,8
Expert_A,2-1-3-4-5-7-8-6,acc_syntaxBL,median,0,0,0,0,8
Expert_A,2-1-3-4-5-7-8-6,scaleSM,per_student,0.3441558441558442,0.23308884539996844,0.2589285714285714,0.17432034066290475,44
Expert_A,2-1-3-4-5-7-8-6,scaleSM,avg,0.4761904761904762,0.0,0.3571428571428571,0.0,8
Expert_A,2-1-3-4-5-7-8-6,scaleSM,median,0.29761904761904767,0.1212105107087402,0.25,0.08501700510170059,8
Expert_A,2-1-3-4-5-7-8-6,scaleST,per_student,0.35281385281385286,0.27767703051092374,0.2646103896103896,0.21940822408796876,44
Expert_A,2-1-3-4-5-7-8-6,scaleST,avg,0.6428571428571429,0.0,0.4999999999999999,0.0,8
Expert_A,2-1-3-4-5-7-8-6,scaleST,median,0.5476190476190477,0.07142857142857145,0.42857142857142844,0.07715167498104594,8
Expert_A,2-1-3-4-5-8-7-6,readTime,per_student,0.21861471861471868,0.326411304183671,0.15746753246753242,0.25768770985521083,44
Expert_A,2-1-3-4-5-8-7-6,readTime,avg,0.4523809523809524,0.0,0.2857142857142857,0.0,8
Expert_A,2-1-3-4-5-8-7-6,readTime,median,0.523809523809524,0.0,0.2857142857142857,0.0,8
Expert_A,2-1-3-4-5-8-7-6,log_readTime,per_student,0.18520021645021648,0.4043542954720554,0.13825757575757577,0.31447111714867565,44
Expert_A,2-1-3-4-5-8-7-6,log_readTime,avg,0.4523809523809524,0.0,0.2857142857142857,0.0,8
Expert_A,2-1-3-4-5-8-7-6,log_readTime,median,0.523809523809524,0.0,0.2857142857142857,0.0,8
Expert_A,2-1-3-4-5-8-7-6,time_function,per_student,0.09902597402597403,0.34609325278935865,0.0633116883116883,0.2683289822942708,44
Expert_A,2-1-3-4-5-8-7-6,time_function,avg,0.523809523809524,0.0,0.3571428571428571,0.0,8
Expert_A,2-1-3-4-5-8-7-6,time_function,median,0.38095238095238104,0.0,0.2857142857142857,0.0,8
Expert_A,2-1-3-4-5-8-7-6,time_output,per_student,0.44805194805194815,0.3083675007925787,0.34415584415584416,0.2520890119803075,44
Expert_A,2-1-3-4-5-8-7-6,time_output,avg,0.8333333333333335,0.0,0.6428571428571428,0.0,8
Expert_A,2-1-3-4-5-8-7-6,time_output,median,0.880952380952381,0.0,0.7142857142857142,0.0,8
Expert_A,2-1-3-4-5-8-7-6,time_syntaxBL,per_student,-0.09280303030303032,0.27418076124376417,-0.0698051948051948,0.19620036115406186,44
Expert_A,2-1-3-4-5-8-7-6,time_syntaxBL,avg,-0.2142857142857143,0.0,-0.14285714285714285,0.0,8
Expert_A,2-1-3-4-5-8-7-6,time_syntaxBL,median,-0.16666666666666669,0.07142857142857142,-0.10714285714285714,0.03571428571428571,8
Expert_A,2-1-3-4-5-8-7-6,time_scaleSM,per_student,0.09280303030303032,0.34059404032994706,0.07954545454545453,0.2636425611836317,44
Expert_A,2-1-3-4-5-8-7-6,time_scaleSM,avg,0.523809523809524,0.0,0.42857142857142855,0.0,8
Expert_A,2-1-3-4-5-8-7-6,time_scaleSM,median,0.23809523809523808,0.303668674122365,0.17857142857142858,0.23779743280283544,8
Expert_A,2-1-3-4-5-8-7-6,time_scaleST,per_student,0.0478896103896104,0.31460703431630954,0.028409090909090908,0.23928565921865824,44
Expert_A,2-1-3-4-5-8-7-6,time_scaleST,avg,0.19047619047619052,0.023809523809523794,0.10714285714285714,0.03571428571428571,8
Expert_A,2-1-3-4-5-8-7-6,time_scaleST,median,0.28571428571428575,0.14964053678543496,0.21428571428571427,0.11664236870396084,8
Expert_A,2-1-3-4-5-8-7-6,log_time_function,per_student,0.09902597402597403,0.34609325278935865,0.0633116883116883,0.2683289822942708,44
Expert_A,2-1-3-4-5-8-7-6,log_time_function,avg,0.4523809523809524,0.0,0.3571428571428571,0.0,8
Expert_A,2-1-3-4-5-8-7-6,log_time_function,median,0.38095238095238104,0.0,0.2857142857142857,0.0,8
Expert_A,2-1-3-4-5-8-7-6,log_time_output,per_student,0.44805194805194815,0.3083675007925787,0.34415584415584416,0.2520890119803075,44
Expert_A,2-1-3-4-5-8-7-6,log_time_output,avg,0.880952380952381,0.0,0.7142857142857142,0.0,8
Expert_A,2-1-3-4-5-8-7-6,log_time_output,median,0.880952380952381,0.0,0.7142857142857142,0.0,8
Expert_A,2-1-3-4-5-8-7-6,log_time_syntaxBL,per_student,-0.09280303030303032,0.27418076124376417,-0.0698051948051948,0.19620036115406186,44
Expert_A,2-1-3-4-5-8-7-6,log_time_syntaxBL,avg,-0.14285714285714288,0.0,-0.07142857142857142,0.0,8
Expert_A,2-1-3-4-5-8-7-6,log_time_syntaxBL,median,-0.16666666666666669,0.07142857142857142,-0.10714285714285714,0.03571428571428571,8
Expert_A,2-1-3-4-5-8-7-6,log_time_scaleSM,per_student,0.09280303030303032,0.34059404032994706,0.07954545454545453,0.2636425611836317,44
Expert_A,2-1-3-4-5-8-7-6,log_time_scaleSM,avg,0.38095238095238104,0.0,0.2857142857142857,0.0,8
Expert_A,2-1-3-4-5-8-7-6,log_time_scaleSM,median,0.23809523809523808,0.303668674122365,0.17857142857142858,0.23779743280283544,8
Expert_A,2-1-3-4-5-8-7-6,log_time_scaleST,per_student,0.0478896103896104,0.31460703431630954,0.028409090909090908,0.23928565921865824,44
Expert_A,2-1-3-4-5-8-7-6,log_time_scaleST,avg,0.4523809523809524,0.0,0.3571428571428571,0.0,8
Expert_A,2-1-3-4-5-8-7-6,log_time_scaleST,median,0.28571428571428575,0.14964053678543496,0.21428571428571427,0.11664236870396084,8
Expert_A,2-1-3-4-5-8-7-6,acc_function,per_student,0.012987012987012976,0.40444202235916693,0.004870129870129879,0.3156580601902364,44
Expert_A,2-1-3-4-5-8-7-6,acc_function,avg,-0.11904761904761907,0.023809523809523808,-0.10714285714285714,0.03571428571428571,8
Expert_A,2-1-3-4-5-8-7-6,acc_function,median,-9.86864910777917e-18,0.24914820876733754,4.934324553889585e-18,0.1934294858246657,8
Expert_A,2-1-3-4-5-8-7-6,acc_output,per_student,0.25974025974025977,0.22575249129926275,0.19480519480519476,0.16931436847444706,44
Expert_A,2-1-3-4-5-8-7-6,acc_output,avg,0.6904761904761907,0.02380952380952378,0.5357142857142856,0.035714285714285754,8
Expert_A,2-1-3-4-5-8-7-6,acc_output,median,0.4761904761904762,0.21647907455533105,0.3571428571428571,0.1934294858246657,8
Expert_A,2-1-3-4-5-8-7-6,acc_syntaxBL,per_student,-0.0497835497835498,0.1947450604636462,-0.03733766233766233,0.14605879534773464,44
Expert_A,2-1-3-4-5-8-7-6,acc_syntaxBL,avg,-0.3928571428571429,0.0490845907811626,-0.2857142857142857,0.05050762722761052,8
Expert_A,2-1-3-4-5-8-7-6,acc_syntaxBL,median,0,0,0,0,8
Expert_A,2-1-3-4-5-8-7-6,scaleSM,per_student,0.28382034632034636,0.23686020570442964,0.21185064935064932,0.18185260284103913,44
Expert_A,2-1-3-4-5-8-7-6,scaleSM,avg,0.38095238095238104,0.0,0.2857142857142857,0.0,8
Expert_A,2-1-3-4-5-8-7-6,scaleSM,median,0.23809523809523814,0.11293848786315641,0.17857142857142858,0.08501700510170059,8
Expert_A,2-1-3-4-5-8-7-6,scaleST,per_student,0.2851731601731602,0.27018534280984846,0.21428571428571425,0.2159029879031987,44
Expert_A,2-1-3-4-5-8-7-6,scaleST,avg,0.523809523809524,0.0,0.42857142857142855,0.0,8
Expert_A,2-1-3-4-5-8-7-6,scaleST,median,0.4642857142857144,0.06261799142087103,0.35714285714285715,0.07715167498104594,8
Expert_A,2-1-3-5-4-7-8-6,readTime,per_student,0.2291666666666667,0.33807432599493337,0.16720779220779217,0.26363256506763794,44
Expert_A,2-1-3-5-4-7-8-6,readTime,avg,0.4523809523809524,0.0,0.2857142857142857,0.0,8
Expert_A,2-1-3-5-4-7-8-6,readTime,median,0.523809523809524,0.0,0.2857142857142857,0.0,8
Expert_A,2-1-3-5-4-7-8-6,log_readTime,per_student,0.1957521645021645,0.3975095435416799,0.1479978354978355,0.30699933858801753,44
Expert_A,2-1-3-5-4-7-8-6,log_readTime,avg,0.4523809523809524,0.0,0.2857142857142857,0.0,8
Expert_A,2-1-3-5-4-7-8-6,log_readTime,median,0.523809523809524,0.0,0.2857142857142857,0.0,8
Expert_A,2-1-3-5-4-7-8-6,time_function,per_student,0.17586580086580092,0.32381333987959054,0.12987012987012986,0.25528855552998103,44
Expert_A,2-1-3-5-4-7-8-6,time_function,avg,0.6666666666666669,0.0,0.4999999999999999,0.0,8
Expert_A,2-1-3-5-4-7-8-6,time_function,median,0.5714285714285715,0.0,0.42857142857142855,0.0,8
Expert_A,2-1-3-5-4-7-8-6,time_output,per_student,0.4843073593073593,0.3066463478141585,0.38798701298701294,0.25191646106672716,44
Expert_A,2-1-3-5-4-7-8-6,time_output,avg,0.9285714285714287,0.0,0.7857142857142856,0.0,8
Expert_A,2-1-3-5-4-7-8-6,time_output,median,0.9523809523809524,0.0,0.8571428571428571,0.0,8
Expert_A,2-1-3-5-4-7-8-6,time_syntaxBL,per_student,-0.17045454545454544,0.28220669733745435,-0.13636363636363633,0.2136452451475597,44
Expert_A,2-1-3-5-4-7-8-6,time_syntaxBL,avg,-0.3333333333333334,0.0,-0.2857142857142857,0.0,8
Expert_A,2-1-3-5-4-7-8-6,time_syntaxBL,median,-0.29761904761904767,0.05952380952380955,-0.25,0.03571428571428571,8
Expert_A,2-1-3-5-4-7-8-6,time_scaleSM,per_student,0.10660173160173163,0.3503406563014509,0.08603896103896103,0.26686158948789174,44
Expert_A,2-1-3-5-4-7-8-6,time_scaleSM,avg,0.5476190476190477,0.0,0.42857142857142855,0.0,8
Expert_A,2-1-3-5-4-7-8-6,time_scaleSM,median,0.23809523809523814,0.303668674122365,0.17857142857142855,0.23779743280283547,8
Expert_A,2-1-3-5-4-7-8-6,time_scaleST,per_student,0.06655844155844158,0.32699522910292544,0.04301948051948051,0.2494868975536312,44
Expert_A,2-1-3-5-4-7-8-6,time_scaleST,avg,0.25,0.035714285714285726,0.10714285714285714,0.03571428571428571,8
Expert_A,2-1-3-5-4-7-8-6,time_scaleST,median,0.3333333333333334,0.14351699460337403,0.21428571428571427,0.11664236870396084,8
Expert_A,2-1-3-5-4-7-8-6,log_time_function,per_student,0.17586580086580092,0.32381333987959054,0.12987012987012986,0.25528855552998103,44
Expert_A,2-1-3-5-4-7-8-6,log_time_function,avg,0.6190476190476191,0.0,0.4999999999999999,0.0,8
Expert_A,2-1-3-5-4-7-8-6,log_time_function,median,0.5714285714285715,0.0,0.42857142857142855,0.0,8
Expert_A,2-1-3-5-4-7-8-6,log_time_output,per_student,0.4843073593073593,0.3066463478141585,0.38798701298701294,0.25191646106672716,44
Expert_A,2-1-3-5-4-7-8-6,log_time_output,avg,0.9523809523809524,0.0,0.8571428571428571,0.0,8
Expert_A,2-1-3-5-4-7-8-6,log_time_output,median,0.9523809523809524,0.0,0.8571428571428571,0.0,8
Expert_A,2-1-3-5-4-7-8-6,log_time_syntaxBL,per_student,-0.17045454545454544,0.28220669733745435,-0.13636363636363633,0.2136452451475597,44
Expert_A,2-1-3-5-4-7-8-6,log_time_syntaxBL,avg,-0.2380952380952381,0.0,-0.21428571428571427,0.0,8
Expert_A,2-1-3-5-4-7-8-6,log_time_syntaxBL,median,-0.29761904761904767,0.05952380952380955,-0.25,0.03571428571428571,8
Expert_A,2-1-3-5-4-7-8-6,log_time_scaleSM,per_student,0.10660173160173163,0.3503406563014509,0.08603896103896103,0.26686158948789174,44
Expert_A,2-1-3-5-4-7-8-6,log_time_scaleSM,avg,0.4285714285714286,0.0,0.2857142857142857,0.0,8
Expert_A,2-1-3-5-4-7-8-6,log_time_scaleSM,median,0.23809523809523814,0.303668674122365,0.17857142857142855,0.23779743280283547,8
Expert_A,2-1-3-5-4-7-8-6,log_time_scaleST,per_student,0.06655844155844158,0.32699522910292544,0.04301948051948051,0.2494868975536312,44
Expert_A,2-1-3-5-4-7-8-6,log_time_scaleST,avg,0.523809523809524,0.0,0.3571428571428571,0.0,8
Expert_A,2-1-3-5-4-7-8-6,log_time_scaleST,median,0.3333333333333334,0.14351699460337403,0.21428571428571427,0.11664236870396084,8
Expert_A,2-1-3-5-4-7-8-6,acc_function,per_student,0.07305194805194806,0.42722092794693267,0.05519480519480519,0.3328120044792835,44
Expert_A,2-1-3-5-4-7-8-6,acc_function,avg,0.07142857142857145,0.023809523809523815,0.03571428571428571,0.03571428571428571,8
Expert_A,2-1-3-5-4-7-8-6,acc_function,median,0.09523809523809526,0.26154376275054103,0.07142857142857142,0.1934294858246657,8
Expert_A,2-1-3-5-4-7-8-6,acc_output,per_student,0.31168831168831174,0.26248549261568493,0.23376623376623373,0.19686411946176366,44
Expert_A,2-1-3-5-4-7-8-6,acc_output,avg,0.8214285714285716,0.011904761904761918,0.6785714285714285,0.0357142857142857,8
Expert_A,2-1-3-5-4-7-8-6,acc_output,median,0.5714285714285714,0.18671889453997764,0.42857142857142855,0.1934294858246657,8
Expert_A,2-1-3-5-4-7-8-6,acc_syntaxBL,per_student,-0.08874458874458878,0.17336297647757198,-0.06655844155844155,0.13002223235817897,44
Expert_A,2-1-3-5-4-7-8-6,acc_syntaxBL,avg,-0.5952380952380952,0.03764616262105212,-0.4285714285714285,0.05050762722761051,8
Expert_A,2-1-3-5-4-7-8-6,acc_syntaxBL,median,0,0,0,0,8
Expert_A,2-1-3-5-4-7-8-6,scaleSM,per_student,0.3122294372294373,0.23463205959169847,0.2264610389610389,0.1729543808921663,44
Expert_A,2-1-3-5-4-7-8-6,scaleSM,avg,0.4285714285714286,0.0,0.2857142857142857,0.0,8
Expert_A,2-1-3-5-4-7-8-6,scaleSM,median,0.23809523809523814,0.11785113019775793,0.17857142857142858,0.08501700510170059,8
Expert_A,2-1-3-5-4-7-8-6,scaleST,per_student,0.32088744588744594,0.2725591928642517,0.23863636363636365,0.2180104750052363,44
Expert_A,2-1-3-5-4-7-8-6,scaleST,avg,0.6190476190476191,0.0,0.42857142857142855,0.0,8
Expert_A,2-1-3-5-4-7-8-6,scaleST,median,0.4642857142857144,0.07109711455225762,0.35714285714285715,0.07715167498104594,8
Expert_A,2-1-3-5-4-8-7-6,readTime,per_student,0.20752164502164508,0.33118507779942863,0.1542207792207792,0.2583005962242101,44
Expert_A,2-1-3-5-4-8-7-6,readTime,avg,0.4047619047619048,0.0,0.21428571428571427,0.0,8
Expert_A,2-1-3-5-4-8-7-6,readTime,median,0.5000000000000001,0.0,0.21428571428571427,0.0,8
Expert_A,2-1-3-5-4-8-7-6,log_readTime,per_student,0.17424242424242425,0.39867697374926847,0.134469696969697,0.3029987759960305,44
Expert_A,2-1-3-5-4-8-7-6,log_readTime,avg,0.4047619047619048,0.0,0.21428571428571427,0.0,8
Expert_A,2-1-3-5-4-8-7-6,log_readTime,median,0.5000000000000001,0.0,0.21428571428571427,0.0,8
Expert_A,2-1-3-5-4-8-7-6,time_function,per_student,0.11715367965367963,0.3372044769769585,0.08603896103896101,0.26015085241933184,44
Expert_A,2-1-3-5-4-8-7-6,time_function,avg,0.5714285714285715,0.0,0.42857142857142855,0.0,8
Expert_A,2-1-3-5-4-8-7-6,time_function,median,0.4761904761904762,0.0,0.3571428571428571,0.0,8
Expert_A,2-1-3-5-4-8-7-6,time_output,per_student,0.47537878787878807,0.3027203259590737,0.36688311688311687,0.24712676787341648,44
Expert_A,2-1-3-5-4-8-7-6,time_output,avg,0.880952380952381,0.0,0.7142857142857142,0.0,8
Expert_A,2-1-3-5-4-8-7-6,time_output,median,0.9285714285714287,0.0,0.7857142857142856,0.0,8
Expert_A,2-1-3-5-4-8-7-6,time_syntaxBL,per_student,-0.1512445887445888,0.28739561603215724,-0.125,0.21080781547403563,44
Expert_A,2-1-3-5-4-8-7-6,time_syntaxBL,avg,-0.28571428571428575,0.0,-0.21428571428571427,0.0,8
Expert_A,2-1-3-5-4-8-7-6,time_syntaxBL,median,-0.2142857142857143,0.07142857142857144,-0.17857142857142855,0.03571428571428571,8
Expert_A,2-1-3-5-4-8-7-6,time_scaleSM,per_student,0.07683982683982685,0.3456991859084966,0.06331168831168829,0.26626840921266826,44
Expert_A,2-1-3-5-4-8-7-6,time_scaleSM,avg,0.4285714285714286,0.0,0.3571428571428571,0.0,8
Expert_A,2-1-3-5-4-8-7-6,time_scaleSM,median,0.23809523809523808,0.303668674122365,0.17857142857142855,0.23779743280283544,8
Expert_A,2-1-3-5-4-8-7-6,time_scaleST,per_student,0.04004329004329005,0.3134439043937953,0.02353896103896103,0.24460116502004184,44
Expert_A,2-1-3-5-4-8-7-6,time_scaleST,avg,0.08333333333333334,0.03571428571428571,0.03571428571428571,0.03571428571428571,8
Expert_A,2-1-3-5-4-8-7-6,time_scaleST,median,0.21428571428571433,0.15823334950299117,0.14285714285714282,0.11664236870396084,8
Expert_A,2-1-3-5-4-8-7-6,log_time_function,per_student,0.11715367965367963,0.3372044769769585,0.08603896103896101,0.26015085241933184,44
Expert_A,2-1-3-5-4-8-7-6,log_time_function,avg,0.523809523809524,0.0,0.42857142857142855,0.0,8
Expert_A,2-1-3-5-4-8-7-6,log_time_function,median,0.4761904761904762,0.0,0.3571428571428571,0.0,8
Expert_A,2-1-3-5-4-8-7-6,log_time_output,per_student,0.47537878787878807,0.3027203259590737,0.36688311688311687,0.24712676787341648,44
Expert_A,2-1-3-5-4-8-7-6,log_time_output,avg,0.9285714285714287,0.0,0.7857142857142856,0.0,8
Expert_A,2-1-3-5-4-8-7-6,log_time_output,median,0.9285714285714287,0.0,0.7857142857142856,0.0,8
Expert_A,2-1-3-5-4-8-7-6,log_time_syntaxBL,per_student,-0.1512445887445888,0.28739561603215724,-0.125,0.21080781547403563,44
Expert_A,2-1-3-5-4-8-7-6,log_time_syntaxBL,avg,-0.19047619047619052,0.0,-0.14285714285714285,0.0,8
Expert_A,2-1-3-5-4-8-7-6,log_time_syntaxBL,median,-0.2142857142857143,0.07142857142857144,-0.17857142857142855,0.03571428571428571,8
Expert_A,2-1-3-5-4-8-7-6,log_time_scaleSM,per_student,0.07683982683982685,0.3456991859084966,0.06331168831168829,0.26626840921266826,44
Expert_A,2-1-3-5-4-8-7-6,log_time_scaleSM,avg,0.28571428571428575,0.0,0.21428571428571427,0.0,8
Expert_A,2-1-3-5-4-8-7-6,log_time_scaleSM,median,0.23809523809523808,0.303668674122365,0.17857142857142855,0.23779743280283544,8
Expert_A,2-1-3-5-4-8-7-6,log_time_scaleST,per_student,0.04004329004329005,0.3134439043937953,0.02353896103896103,0.24460116502004184,44
Expert_A,2-1-3-5-4-8-7-6,log_time_scaleST,avg,0.38095238095238104,0.0,0.2857142857142857,0.0,8
Expert_A,2-1-3-5-4-8-7-6,log_time_scaleST,median,0.21428571428571433,0.15823334950299117,0.14285714285714282,0.11664236870396084,8
Expert_A,2-1-3-5-4-8-7-6,acc_function,per_student,0.02705627705627707,0.41478675817713107,0.01948051948051949,0.32326805406381987,44
Expert_A,2-1-3-5-4-8-7-6,acc_function,avg,-0.035714285714285726,0.011904761904761908,-0.03571428571428571,0.03571428571428571,8
Expert_A,2-1-3-5-4-8-7-6,acc_function,median,0.0,0.24914820876733754,0.0,0.1934294858246657,8
Expert_A,2-1-3-5-4-8-7-6,acc_output,per_student,0.2878787878787879,0.23959582228308723,0.21590909090909086,0.17969686671231538,44
Expert_A,2-1-3-5-4-8-7-6,acc_output,avg,0.773809523809524,0.011904761904761862,0.6071428571428571,0.0357142857142857,8
Expert_A,2-1-3-5-4-8-7-6,acc_output,median,0.4761904761904762,0.21647907455533105,0.3571428571428571,0.1934294858246657,8
Expert_A,2-1-3-5-4-8-7-6,acc_syntaxBL,per_student,-0.058441558441558454,0.19708858977763175,-0.043831168831168825,0.14781644233322375,44
Expert_A,2-1-3-5-4-8-7-6,acc_syntaxBL,avg,-0.5,0.037646162621052165,-0.3571428571428571,0.050507627227610534,8
Expert_A,2-1-3-5-4-8-7-6,acc_syntaxBL,median,0,0,0,0,8
Expert_A,2-1-3-5-4-8-7-6,scaleSM,per_student,0.2518939393939394,0.23936274069070662,0.17938311688311687,0.18042682792323564,44
Expert_A,2-1-3-5-4-8-7-6,scaleSM,avg,0.3333333333333334,0.0,0.21428571428571427,0.0,8
Expert_A,2-1-3-5-4-8-7-6,scaleSM,median,0.1785714285714286,0.10625736380155466,0.10714285714285714,0.0850170051017006,8
Expert_A,2-1-3-5-4-8-7-6,scaleST,per_student,0.2532467532467533,0.26471051762225084,0.1883116883116883,0.21487522217888697,44
Expert_A,2-1-3-5-4-8-7-6,scaleST,avg,0.5000000000000001,0.0,0.3571428571428571,0.0,8
Expert_A,2-1-3-5-4-8-7-6,scaleST,median,0.380952380952381,0.05667800340113372,0.2857142857142857,0.07715167498104594,8
Expert_B,1-2-5-4-7-3-8-6,readTime,per_student,0.35335497835497837,0.34503999323859613,0.2727272727272727,0.2962829118237476,44
Expert_B,1-2-5-4-7-3-8-6,readTime,avg,0.7380952380952381,0.0,0.5714285714285714,0.0,8
Expert_B,1-2-5-4-7-3-8-6,readTime,median,0.7142857142857144,0.0,0.5714285714285714,0.0,8
Expert_B,1-2-5-4-7-3-8-6,log_readTime,per_student,0.3218344155844156,0.40163115859964715,0.25459956709956705,0.32507765025757834,44
Expert_B,1-2-5-4-7-3-8-6,log_readTime,avg,0.7380952380952381,0.0,0.5714285714285714,0.0,8
Expert_B,1-2-5-4-7-3-8-6,log_readTime,median,0.7142857142857144,0.0,0.5714285714285714,0.0,8
Expert_B,1-2-5-4-7-3-8-6,time_function,per_student,0.2459415584415585,0.3255205223616888,0.1915584415584415,0.2462721728773865,44
Expert_B,1-2-5-4-7-3-8-6,time_function,avg,0.9047619047619048,0.0,0.7857142857142856,0.0,8
Expert_B,1-2-5-4-7-3-8-6,time_function,median,0.8095238095238096,0.0,0.5714285714285714,0.0,8
Expert_B,1-2-5-4-7-3-8-6,time_output,per_student,0.47240259740259744,0.30553090470626254,0.3701298701298701,0.26465520296172923,44
Expert_B,1-2-5-4-7-3-8-6,time_output,avg,0.9047619047619048,0.0,0.7857142857142856,0.0,8
Expert_B,1-2-5-4-7-3-8-6,time_output,median,0.9285714285714287,0.0,0.8571428571428571,0.0,8
Expert_B,1-2-5-4-7-3-8-6,time_syntaxBL,per_student,-0.028138528138528143,0.29258833646252663,-0.02597402597402597,0.22437860445676613,44
Expert_B,1-2-5-4-7-3-8-6,time_syntaxBL,avg,-0.11904761904761905,0.0,-0.14285714285714285,0.0,8
Expert_B,1-2-5-4-7-3-8-6,time_syntaxBL,median,-0.1785714285714286,0.03571428571428571,-0.10714285714285714,0.03571428571428571,8
Expert_B,1-2-5-4-7-3-8-6,time_scaleSM,per_student,0.15286796536796537,0.3052795841460006,0.11525974025974026,0.23725192545953203,44
Expert_B,1-2-5-4-7-3-8-6,time_scaleSM,avg,0.7142857142857144,0.0,0.5714285714285714,0.0,8
Expert_B,1-2-5-4-7-3-8-6,time_scaleSM,median,0.33333333333333337,0.27216552697590873,0.25,0.23779743280283544,8
Expert_B,1-2-5-4-7-3-8-6,time_scaleST,per_student,0.14042207792207795,0.3346793666438265,0.10470779220779224,0.2730978369179495,44
Expert_B,1-2-5-4-7-3-8-6,time_scaleST,avg,0.3452380952380953,0.035714285714285754,0.25,0.03571428571428571,8
Expert_B,1-2-5-4-7-3-8-6,time_scaleST,median,0.6190476190476192,0.11459943712852105,0.42857142857142855,0.11664236870396084,8
Expert_B,1-2-5-4-7-3-8-6,log_time_function,per_student,0.2459415584415585,0.3255205223616888,0.1915584415584415,0.2462721728773865,44
Expert_B,1-2-5-4-7-3-8-6,log_time_function,avg,0.7857142857142858,0.0,0.6428571428571428,0.0,8
Expert_B,1-2-5-4-7-3-8-6,log_time_function,median,0.8095238095238096,0.0,0.5714285714285714,0.0,8
Expert_B,1-2-5-4-7-3-8-6,log_time_output,per_student,0.47240259740259744,0.30553090470626254,0.3701298701298701,0.26465520296172923,44
Expert_B,1-2-5-4-7-3-8-6,log_time_output,avg,0.9285714285714287,0.0,0.8571428571428571,0.0,8
Expert_B,1-2-5-4-7-3-8-6,log_time_output,median,0.9285714285714287,0.0,0.8571428571428571,0.0,8
Expert_B,1-2-5-4-7-3-8-6,log_time_syntaxBL,per_student,-0.028138528138528143,0.29258833646252663,-0.02597402597402597,0.22437860445676613,44
Expert_B,1-2-5-4-7-3-8-6,log_time_syntaxBL,avg,-0.07142857142857144,0.0,-0.07142857142857142,0.0,8
Expert_B,1-2-5-4-7-3-8-6,log_time_syntaxBL,median,-0.1785714285714286,0.03571428571428571,-0.10714285714285714,0.03571428571428571,8
Expert_B,1-2-5-4-7-3-8-6,log_time_scaleSM,per_student,0.15286796536796537,0.3052795841460006,0.11525974025974026,0.23725192545953203,44
Expert_B,1-2-5-4-7-3-8-6,log_time_scaleSM,avg,0.5714285714285715,0.0,0.42857142857142855,0.0,8
Expert_B,1-2-5-4-7-3-8-6,log_time_scaleSM,median,0.33333333333333337,0.27216552697590873,0.25,0.23779743280283544,8
Expert_B,1-2-5-4-7-3-8-6,log_time_scaleST,per_student,0.14042207792207795,0.3346793666438265,0.10470779220779224,0.2730978369179495,44
Expert_B,1-2-5-4-7-3-8-6,log_time_scaleST,avg,0.6904761904761906,0.0,0.4999999999999999,0.0,8
Expert_B,1-2-5-4-7-3-8-6,log_time_scaleST,median,0.6190476190476192,0.11459943712852105,0.42857142857142855,0.11664236870396084,8
Expert_B,1-2-5-4-7-3-8-6,acc_function,per_student,0.19669913419913423,0.3635206917331581,0.14935064935064934,0.2808300799715595,44
Expert_B,1-2-5-4-7-3-8-6,acc_function,avg,0.46428571428571436,0.035714285714285754,0.3214285714285714,0.0357142857142857,8
Expert_B,1-2-5-4-7-3-8-6,acc_function,median,0.2857142857142857,0.24046440329433522,0.21428571428571427,0.1934294858246657,8
Expert_B,1-2-5-4-7-3-8-6,acc_output,per_student,0.2770562770562771,0.2508022023825281,0.20779220779220775,0.188101651786896,44
Expert_B,1-2-5-4-7-3-8-6,acc_output,avg,0.7500000000000001,0.0357142857142857,0.6071428571428571,0.0357142857142857,8
Expert_B,1-2-5-4-7-3-8-6,acc_output,median,0.5714285714285715,0.18671889453997764,0.42857142857142855,0.1934294858246657,8
Expert_B,1-2-5-4-7-3-8-6,acc_syntaxBL,per_student,-0.08658008658008659,0.13208784677395985,-0.06493506493506492,0.09906588508046985,44
Expert_B,1-2-5-4-7-3-8-6,acc_syntaxBL,avg,-0.5357142857142858,0.0762276694932482,-0.4285714285714285,0.05050762722761051,8
Expert_B,1-2-5-4-7-3-8-6,acc_syntaxBL,median,0,0,0,0,8
Expert_B,1-2-5-4-7-3-8-6,scaleSM,per_student,0.4981060606060608,0.216259893327286,0.3806818181818182,0.16939800884975026,44
Expert_B,1-2-5-4-7-3-8-6,scaleSM,avg,0.7619047619047621,0.0,0.5714285714285714,0.0,8
Expert_B,1-2-5-4-7-3-8-6,scaleSM,median,0.630952380952381,0.09297916280841256,0.4642857142857142,0.08501700510170059,8
Expert_B,1-2-5-4-7-3-8-6,scaleST,per_student,0.4756493506493507,0.20357039292182555,0.362012987012987,0.16778993354174235,44
Expert_B,1-2-5-4-7-3-8-6,scaleST,avg,0.8333333333333335,0.0,0.7142857142857142,0.0,8
Expert_B,1-2-5-4-7-3-8-6,scaleST,median,0.7023809523809524,0.07109711455225763,0.5714285714285713,0.07715167498104596,8
Expert_C,1-2-4-5-3-7-8-6,readTime,per_student,0.3168290043290043,0.3365090672348825,0.24350649350649345,0.28796523292799436,44
Expert_C,1-2-4-5-3-7-8-6,readTime,avg,0.6666666666666669,0.0,0.5714285714285714,0.0,8
Expert_C,1-2-4-5-3-7-8-6,readTime,median,0.6428571428571429,0.0,0.5714285714285714,0.0,8
Expert_C,1-2-4-5-3-7-8-6,log_readTime,per_student,0.2855790043290044,0.4175093685963425,0.2253787878787879,0.33989178161147676,44
Expert_C,1-2-4-5-3-7-8-6,log_readTime,avg,0.6666666666666669,0.0,0.5714285714285714,0.0,8
Expert_C,1-2-4-5-3-7-8-6,log_readTime,median,0.6428571428571429,0.0,0.5714285714285714,0.0,8
Expert_C,1-2-4-5-3-7-8-6,time_function,per_student,0.1961580086580087,0.32700675817174574,0.14285714285714285,0.24872121923543067,44
Expert_C,1-2-4-5-3-7-8-6,time_function,avg,0.7857142857142858,0.0,0.6428571428571428,0.0,8
Expert_C,1-2-4-5-3-7-8-6,time_function,median,0.6428571428571429,0.0,0.42857142857142855,0.0,8
Expert_C,1-2-4-5-3-7-8-6,time_output,per_student,0.4715909090909091,0.3045006987900256,0.3668831168831168,0.26082363348719245,44
Expert_C,1-2-4-5-3-7-8-6,time_output,avg,0.9047619047619048,0.0,0.7857142857142856,0.0,8
Expert_C,1-2-4-5-3-7-8-6,time_output,median,0.9285714285714287,0.0,0.8571428571428571,0.0,8
Expert_C,1-2-4-5-3-7-8-6,time_syntaxBL,per_student,-0.035714285714285726,0.2784173733196867,-0.019480519480519473,0.20928340739588724,44
Expert_C,1-2-4-5-3-7-8-6,time_syntaxBL,avg,-0.11904761904761905,0.0,-0.14285714285714285,0.0,8
Expert_C,1-2-4-5-3-7-8-6,time_syntaxBL,median,-0.1904761904761905,0.047619047619047616,-0.10714285714285714,0.03571428571428571,8
Expert_C,1-2-4-5-3-7-8-6,time_scaleSM,per_student,0.1517857142857143,0.3098579303031607,0.12175324675324672,0.23961720857505778,44
Expert_C,1-2-4-5-3-7-8-6,time_scaleSM,avg,0.7619047619047621,0.0,0.5714285714285714,0.0,8
Expert_C,1-2-4-5-3-7-8-6,time_scaleSM,median,0.33333333333333337,0.27216552697590873,0.25,0.23779743280283544,8
Expert_C,1-2-4-5-3-7-8-6,time_scaleST,per_student,0.12337662337662338,0.3209681939240106,0.08847402597402595,0.24959250606571223,44
Expert_C,1-2-4-5-3-7-8-6,time_scaleST,avg,0.38095238095238104,0.023809523809523808,0.25,0.03571428571428571,8
Expert_C,1-2-4-5-3-7-8-6,time_scaleST,median,0.5714285714285715,0.1267358684338993,0.42857142857142855,0.11664236870396084,8
Expert_C,1-2-4-5-3-7-8-6,log_time_function,per_student,0.1961580086580087,0.32700675817174574,0.14285714285714285,0.24872121923543067,44
Expert_C,1-2-4-5-3-7-8-6,log_time_function,avg,0.6428571428571429,0.0,0.4999999999999999,0.0,8
Expert_C,1-2-4-5-3-7-8-6,log_time_function,median,0.6428571428571429,0.0,0.42857142857142855,0.0,8
Expert_C,1-2-4-5-3-7-8-6,log_time_output,per_student,0.4715909090909091,0.3045006987900256,0.3668831168831168,0.26082363348719245,44
Expert_C,1-2-4-5-3-7-8-6,log_time_output,avg,0.9285714285714287,0.0,0.8571428571428571,0.0,8
Expert_C,1-2-4-5-3-7-8-6,log_time_output,median,0.9285714285714287,0.0,0.8571428571428571,0.0,8
Expert_C,1-2-4-5-3-7-8-6,log_time_syntaxBL,per_student,-0.035714285714285726,0.2784173733196867,-0.019480519480519473,0.20928340739588724,44
Expert_C,1-2-4-5-3-7-8-6,log_time_syntaxBL,avg,-0.09523809523809526,0.0,-0.07142857142857142,0.0,8
Expert_C,1-2-4-5-3-7-8-6,log_time_syntaxBL,median,-0.1904761904761905,0.047619047619047616,-0.10714285714285714,0.03571428571428571,8
Expert_C,1-2-4-5-3-7-8-6,log_time_scaleSM,per_student,0.1517857142857143,0.3098579303031607,0.12175324675324672,0.23961720857505778,44
Expert_C,1-2-4-5-3-7-8-6,log_time_scaleSM,avg,0.5952380952380953,0.0,0.42857142857142855,0.0,8
Expert_C,1-2-4-5-3-7-8-6,log_time_scaleSM,median,0.33333333333333337,0.27216552697590873,0.25,0.23779743280283544,8
Expert_C,1-2-4-5-3-7-8-6,log_time_scaleST,per_student,0.12337662337662338,0.3209681939240106,0.08847402597402595,0.24959250606571223,44
Expert_C,1-2-4-5-3-7-8-6,log_time_scaleST,avg,0.6904761904761906,0.0,0.4999999999999999,0.0,8
Expert_C,1-2-4-5-3-7-8-6,log_time_scaleST,median,0.5714285714285715,0.1267358684338993,0.42857142857142855,0.11664236870396084,8
Expert_C,1-2-4-5-3-7-8-6,acc_function,per_student,0.1331168831168831,0.37818830097871914,0.09740259740259738,0.2938535903047595,44
Expert_C,1-2-4-5-3-7-8-6,acc_function,avg,0.23809523809523814,0.047619047619047616,0.17857142857142855,0.03571428571428571,8
Expert_C,1-2-4-5-3-7-8-6,acc_function,median,0.19047619047619052,0.23829356819051478,0.14285714285714282,0.1934294858246657,8
Expert_C,1-2-4-5-3-7-8-6,acc_output,per_student,0.2640692640692641,0.22666378946447432,0.19805194805194803,0.16999784209835572,44
Expert_C,1-2-4-5-3-7-8-6,acc_output,avg,0.7261904761904763,0.011904761904761862,0.6071428571428571,0.0357142857142857,8
Expert_C,1-2-4-5-3-7-8-6,acc_output,median,0.5714285714285715,0.18671889453997764,0.42857142857142855,0.1934294858246657,8
Expert_C,1-2-4-5-3-7-8-6,acc_syntaxBL,per_student,-0.04978354978354978,0.13543281567931306,-0.03733766233766233,0.10157461175948478,44
Expert_C,1-2-4-5-3-7-8-6,acc_syntaxBL,avg,-0.3690476190476191,0.07622766949324819,-0.2857142857142857,0.05050762722761052,8
Expert_C,1-2-4-5-3-7-8-6,acc_syntaxBL,median,0,0,0,0,8
Expert_C,1-2-4-5-3-7-8-6,scaleSM,per_student,0.4594155844155846,0.21876802840893086,0.36120129870129863,0.17433545787404756,44
Expert_C,1-2-4-5-3-7-8-6,scaleSM,avg,0.6904761904761906,0.0,0.5714285714285714,0.0,8
Expert_C,1-2-4-5-3-7-8-6,scaleSM,median,0.5714285714285715,0.0986492293226671,0.4642857142857142,0.08501700510170059,8
Expert_C,1-2-4-5-3-7-8-6,scaleST,per_student,0.4423701298701299,0.21815800172139646,0.3376623376623376,0.17220039748280674,44
Expert_C,1-2-4-5-3-7-8-6,scaleST,avg,0.7619047619047621,0.0,0.7142857142857142,0.0,8
Expert_C,1-2-4-5-3-7-8-6,scaleST,median,0.7023809523809524,0.06261799142087104,0.5714285714285713,0.07715167498104596,8
Expert_D,1-2-5-4-3-7-8-6,readTime,per_student,0.30573593073593075,0.33050723675147947,0.2402597402597402,0.2767845241243407,44
Expert_D,1-2-5-4-3-7-8-6,readTime,avg,0.6190476190476191,0.0,0.4999999999999999,0.0,8
Expert_D,1-2-5-4-3-7-8-6,readTime,median,0.6190476190476191,0.0,0.4999999999999999,0.0,8
Expert_D,1-2-5-4-3-7-8-6,log_readTime,per_student,0.27462121212121215,0.4043669906873576,0.22159090909090906,0.3186732141728733,44
Expert_D,1-2-5-4-3-7-8-6,log_readTime,avg,0.6190476190476191,0.0,0.4999999999999999,0.0,8
Expert_D,1-2-5-4-3-7-8-6,log_readTime,median,0.6190476190476191,0.0,0.4999999999999999,0.0,8
Expert_D,1-2-5-4-3-7-8-6,time_function,per_student,0.21428571428571433,0.3203746550590501,0.16558441558441556,0.24055571450162938,44
Expert_D,1-2-5-4-3-7-8-6,time_function,avg,0.8333333333333335,0.0,0.7142857142857142,0.0,8
Expert_D,1-2-5-4-3-7-8-6,time_function,median,0.7380952380952381,0.0,0.4999999999999999,0.0,8
Expert_D,1-2-5-4-3-7-8-6,time_output,per_student,0.4989177489177489,0.3059948909042382,0.3896103896103896,0.26297699195273466,44
Expert_D,1-2-5-4-3-7-8-6,time_output,avg,0.9523809523809524,0.0,0.8571428571428571,0.0,8
Expert_D,1-2-5-4-3-7-8-6,time_output,median,0.9761904761904763,0.0,0.9285714285714285,0.0,8
Expert_D,1-2-5-4-3-7-8-6,time_syntaxBL,per_student,-0.09415584415584419,0.2916039134477402,-0.07467532467532466,0.22144666110363548,44
Expert_D,1-2-5-4-3-7-8-6,time_syntaxBL,avg,-0.19047619047619052,0.0,-0.21428571428571427,0.0,8
Expert_D,1-2-5-4-3-7-8-6,time_syntaxBL,median,-0.23809523809523814,0.047619047619047616,-0.17857142857142855,0.03571428571428571,8
Expert_D,1-2-5-4-3-7-8-6,time_scaleSM,per_student,0.13582251082251084,0.31749961836949336,0.10551948051948051,0.24625612089604063,44
Expert_D,1-2-5-4-3-7-8-6,time_scaleSM,avg,0.6666666666666669,0.0,0.4999999999999999,0.0,8
Expert_D,1-2-5-4-3-7-8-6,time_scaleSM,median,0.3333333333333334,0.2721655269759087,0.24999999999999994,0.23779743280283547,8
Expert_D,1-2-5-4-3-7-8-6,time_scaleST,per_student,0.11553030303030302,0.3231334011970478,0.08360389610389611,0.2576455203554244,44
Expert_D,1-2-5-4-3-7-8-6,time_scaleST,avg,0.27380952380952384,0.03571428571428571,0.17857142857142855,0.03571428571428571,8
Expert_D,1-2-5-4-3-7-8-6,time_scaleST,median,0.5000000000000001,0.1343358006334187,0.35714285714285704,0.11664236870396084,8
Expert_D,1-2-5-4-3-7-8-6,log_time_function,per_student,0.21428571428571433,0.3203746550590501,0.16558441558441556,0.24055571450162938,44
Expert_D,1-2-5-4-3-7-8-6,log_time_function,avg,0.7142857142857144,0.0,0.5714285714285714,0.0,8
Expert_D,1-2-5-4-3-7-8-6,log_time_function,median,0.7380952380952381,0.0,0.4999999999999999,0.0,8
Expert_D,1-2-5-4-3-7-8-6,log_time_output,per_student,0.4989177489177489,0.3059948909042382,0.3896103896103896,0.26297699195273466,44
Expert_D,1-2-5-4-3-7-8-6,log_time_output,avg,0.9761904761904763,0.0,0.9285714285714285,0.0,8
Expert_D,1-2-5-4-3-7-8-6,log_time_output,median,0.9761904761904763,0.0,0.9285714285714285,0.0,8
Expert_D,1-2-5-4-3-7-8-6,log_time_syntaxBL,per_student,-0.09415584415584419,0.2916039134477402,-0.07467532467532466,0.22144666110363548,44
Expert_D,1-2-5-4-3-7-8-6,log_time_syntaxBL,avg,-0.14285714285714288,0.0,-0.14285714285714285,0.0,8
Expert_D,1-2-5-4-3-7-8-6,log_time_syntaxBL,median,-0.23809523809523814,0.047619047619047616,-0.17857142857142855,0.03571428571428571,8
Expert_D,1-2-5-4-3-7-8-6,log_time_scaleSM,per_student,0.13582251082251084,0.31749961836949336,0.10551948051948051,0.24625612089604063,44
Expert_D,1-2-5-4-3-7-8-6,log_time_scaleSM,avg,0.5000000000000001,0.0,0.3571428571428571,0.0,8
Expert_D,1-2-5-4-3-7-8-6,log_time_scaleSM,median,0.3333333333333334,0.2721655269759087,0.24999999999999994,0.23779743280283547,8
Expert_D,1-2-5-4-3-7-8-6,log_time_scaleST,per_student,0.11553030303030302,0.3231334011970478,0.08360389610389611,0.2576455203554244,44
Expert_D,1-2-5-4-3-7-8-6,log_time_scaleST,avg,0.6190476190476191,0.0,0.42857142857142855,0.0,8
Expert_D,1-2-5-4-3-7-8-6,log_time_scaleST,median,0.5000000000000001,0.1343358006334187,0.35714285714285704,0.11664236870396084,8
Expert_D,1-2-5-4-3-7-8-6,acc_function,per_student,0.1471861471861472,0.3856255151200234,0.11201298701298698,0.30021935675269146,44
Expert_D,1-2-5-4-3-7-8-6,acc_function,avg,0.3214285714285715,0.035714285714285726,0.25,0.03571428571428571,8
Expert_D,1-2-5-4-3-7-8-6,acc_function,median,0.19047619047619052,0.23829356819051478,0.14285714285714285,0.1934294858246657,8
Expert_D,1-2-5-4-3-7-8-6,acc_output,per_student,0.2922077922077922,0.24420534636795477,0.21915584415584413,0.18315400977596605,44
Expert_D,1-2-5-4-3-7-8-6,acc_output,avg,0.8095238095238096,0.023809523809523836,0.6785714285714285,0.0357142857142857,8
Expert_D,1-2-5-4-3-7-8-6,acc_output,median,0.5714285714285714,0.18671889453997764,0.4285714285714285,0.1934294858246657,8
Expert_D,1-2-5-4-3-7-8-6,acc_syntaxBL,per_student,-0.058441558441558454,0.14316836098834368,-0.043831168831168825,0.10737627074125772,44
Expert_D,1-2-5-4-3-7-8-6,acc_syntaxBL,avg,-0.4761904761904763,0.06734350297014738,-0.3571428571428571,0.050507627227610534,8
Expert_D,1-2-5-4-3-7-8-6,acc_syntaxBL,median,0,0,0,0,8
Expert_D,1-2-5-4-3-7-8-6,scaleSM,per_student,0.42748917748917753,0.2227150720893617,0.32873376623376616,0.17272567070343878,44
Expert_D,1-2-5-4-3-7-8-6,scaleSM,avg,0.6428571428571429,0.0,0.4999999999999999,0.0,8
Expert_D,1-2-5-4-3-7-8-6,scaleSM,median,0.511904761904762,0.09888837932045329,0.3928571428571428,0.08501700510170057,8
Expert_D,1-2-5-4-3-7-8-6,scaleST,per_student,0.41044372294372294,0.21519301422618467,0.3116883116883116,0.17335959836639603,44
Expert_D,1-2-5-4-3-7-8-6,scaleST,avg,0.7380952380952381,0.0,0.6428571428571428,0.0,8
Expert_D,1-2-5-4-3-7-8-6,scaleST,median,0.6190476190476192,0.07142857142857142,0.49999999999999994,0.07715167498104594,8
Expert_E,1-2-4-5-7-3-6-8,readTime,per_student,0.34307359307359314,0.36365166299499513,0.2564935064935064,0.3174604199461988,44
Expert_E,1-2-4-5-7-3-6-8,readTime,avg,0.7380952380952381,0.0,0.5714285714285714,0.0,8
Expert_E,1-2-4-5-7-3-6-8,readTime,median,0.6428571428571429,0.0,0.5714285714285714,0.0,8
Expert_E,1-2-4-5-7-3-6-8,log_readTime,per_student,0.3173701298701299,0.40623889533225477,0.24053030303030304,0.33814534132608537,44
Expert_E,1-2-4-5-7-3-6-8,log_readTime,avg,0.7380952380952381,0.0,0.5714285714285714,0.0,8
Expert_E,1-2-4-5-7-3-6-8,log_readTime,median,0.6428571428571429,0.0,0.5714285714285714,0.0,8
Expert_E,1-2-4-5-7-3-6-8,time_function,per_student,0.2740800865800866,0.30249776858216487,0.19805194805194803,0.2434740238092351,44
Expert_E,1-2-4-5-7-3-6-8,time_function,avg,0.9047619047619048,0.0,0.7857142857142856,0.0,8
Expert_E,1-2-4-5-7-3-6-8,time_function,median,0.7619047619047621,0.0,0.5714285714285714,0.0,8
Expert_E,1-2-4-5-7-3-6-8,time_output,per_student,0.4434523809523809,0.2932924144486505,0.3392857142857143,0.24096618674409245,44
Expert_E,1-2-4-5-7-3-6-8,time_output,avg,0.880952380952381,0.0,0.7857142857142856,0.0,8
Expert_E,1-2-4-5-7-3-6-8,time_output,median,0.8571428571428572,0.0,0.7142857142857142,0.0,8
Expert_E,1-2-4-5-7-3-6-8,time_syntaxBL,per_student,0.015692640692640696,0.2800067171379966,0.014610389610389608,0.22281694268550276,44
Expert_E,1-2-4-5-7-3-6-8,time_syntaxBL,avg,-0.07142857142857144,0.0,-0.14285714285714285,0.0,8
Expert_E,1-2-4-5-7-3-6-8,time_syntaxBL,median,-0.1785714285714286,0.03571428571428571,-0.10714285714285714,0.03571428571428571,8
Expert_E,1-2-4-5-7-3-6-8,time_scaleSM,per_student,0.17667748917748918,0.31191780628743004,0.137987012987013,0.25134043581094956,44
Expert_E,1-2-4-5-7-3-6-8,time_scaleSM,avg,0.8333333333333335,0.0,0.7142857142857142,0.0,8
Expert_E,1-2-4-5-7-3-6-8,time_scaleSM,median,0.33333333333333337,0.2721655269759087,0.25,0.2377974328028354,8
Expert_E,1-2-4-5-7-3-6-8,time_scaleST,per_student,0.15503246753246758,0.34130171766217565,0.11607142857142855,0.2688967918995642,44
Expert_E,1-2-4-5-7-3-6-8,time_scaleST,avg,0.5000000000000001,0.023809523809523864,0.3928571428571428,0.035714285714285726,8
Expert_E,1-2-4-5-7-3-6-8,time_scaleST,median,0.7380952380952381,0.10054650364539625,0.5714285714285713,0.11664236870396084,8
Expert_E,1-2-4-5-7-3-6-8,log_time_function,per_student,0.2740800865800866,0.30249776858216487,0.19805194805194803,0.2434740238092351,44
Expert_E,1-2-4-5-7-3-6-8,log_time_function,avg,0.7857142857142858,0.0,0.6428571428571428,0.0,8
Expert_E,1-2-4-5-7-3-6-8,log_time_function,median,0.7619047619047621,0.0,0.5714285714285714,0.0,8
Expert_E,1-2-4-5-7-3-6-8,log_time_output,per_student,0.4434523809523809,0.2932924144486505,0.3392857142857143,0.24096618674409245,44
Expert_E,1-2-4-5-7-3-6-8,log_time_output,avg,0.8571428571428572,0.0,0.7142857142857142,0.0,8
Expert_E,1-2-4-5-7-3-6-8,log_time_output,median,0.8571428571428572,0.0,0.7142857142857142,0.0,8
Expert_E,1-2-4-5-7-3-6-8,log_time_syntaxBL,per_student,0.015692640692640696,0.2800067171379966,0.014610389610389608,0.22281694268550276,44
Expert_E,1-2-4-5-7-3-6-8,log_time_syntaxBL,avg,-0.04761904761904763,0.0,-0.07142857142857142,0.0,8
Expert_E,1-2-4-5-7-3-6-8,log_time_syntaxBL,median,-0.1785714285714286,0.03571428571428571,-0.10714285714285714,0.03571428571428571,8
Expert_E,1-2-4-5-7-3-6-8,log_time_scaleSM,per_student,0.17667748917748918,0.31191780628743004,0.137987012987013,0.25134043581094956,44
Expert_E,1-2-4-5-7-3-6-8,log_time_scaleSM,avg,0.7142857142857144,0.0,0.5714285714285714,0.0,8
Expert_E,1-2-4-5-7-3-6-8,log_time_scaleSM,median,0.33333333333333337,0.2721655269759087,0.25,0.2377974328028354,8
Expert_E,1-2-4-5-7-3-6-8,log_time_scaleST,per_student,0.15503246753246758,0.34130171766217565,0.11607142857142855,0.2688967918995642,44
Expert_E,1-2-4-5-7-3-6-8,log_time_scaleST,avg,0.7857142857142858,0.0,0.6428571428571428,0.0,8
Expert_E,1-2-4-5-7-3-6-8,log_time_scaleST,median,0.7380952380952381,0.10054650364539625,0.5714285714285713,0.11664236870396084,8
Expert_E,1-2-4-5-7-3-6-8,acc_function,per_student,0.18993506493506496,0.3562484701570959,0.13961038961038963,0.27207908439760403,44
Expert_E,1-2-4-5-7-3-6-8,acc_function,avg,0.4404761904761906,0.059523809523809534,0.3214285714285714,0.0357142857142857,8
Expert_E,1-2-4-5-7-3-6-8,acc_function,median,0.2857142857142857,0.24046440329433522,0.21428571428571427,0.1934294858246657,8
Expert_E,1-2-4-5-7-3-6-8,acc_output,per_student,0.23593073593073594,0.2492938998673752,0.17694805194805194,0.18697042490053137,44
Expert_E,1-2-4-5-7-3-6-8,acc_output,avg,0.642857142857143,0.023809523809523888,0.4642857142857142,0.03571428571428567,8
Expert_E,1-2-4-5-7-3-6-8,acc_output,median,0.5714285714285715,0.18671889453997764,0.4285714285714285,0.1934294858246657,8
Expert_E,1-2-4-5-7-3-6-8,acc_syntaxBL,per_student,-0.07575757575757577,0.12280569655847864,-0.05681818181818181,0.09210427241885896,44
Expert_E,1-2-4-5-7-3-6-8,acc_syntaxBL,avg,-0.3928571428571429,0.07622766949324823,-0.2857142857142857,0.05050762722761052,8
Expert_E,1-2-4-5-7-3-6-8,acc_syntaxBL,median,0,0,0,0,8
Expert_E,1-2-4-5-7-3-6-8,scaleSM,per_student,0.5064935064935067,0.21717411417085275,0.385551948051948,0.17768930585836537,44
Expert_E,1-2-4-5-7-3-6-8,scaleSM,avg,0.7619047619047621,0.0,0.5714285714285714,0.0,8
Expert_E,1-2-4-5-7-3-6-8,scaleSM,median,0.630952380952381,0.10625736380155465,0.4642857142857142,0.08501700510170059,8
Expert_E,1-2-4-5-7-3-6-8,scaleST,per_student,0.48863636363636365,0.21706285054204216,0.37337662337662336,0.17118735488914372,44
Expert_E,1-2-4-5-7-3-6-8,scaleST,avg,0.8333333333333335,0.0,0.7142857142857142,0.0,8
Expert_E,1-2-4-5-7-3-6-8,scaleST,median,0.7380952380952381,0.07142857142857142,0.5714285714285713,0.07715167498104596,8
