student_id,proxy,max_tie_size,perm_count,perm_ratio,variance,group_sizes
WMstudent294414059,acc_function,4,48,0.0011904761904761906,1.484375,"[4, 2, 1, 1]"
WMstudent386612754,acc_function,4,48,0.0011904761904761906,2.5,"[4, 2, 1, 1]"
WMstudent501042246,acc_function,2,8,0.0001984126984126984,1.734375,"[2, 2, 2, 1, 1]"
WMstudent610653370,acc_function,3,24,0.0005952380952380953,2.1875,"[3, 2, 2, 1]"
WMstudent638557193,acc_function,5,720,0.017857142857142856,0.9375,"[5, 3]"
WMstudent794142157,acc_function,4,48,0.0011904761904761906,0.859375,"[4, 2, 1, 1]"
WMstudent839489271,acc_function,4,144,0.0035714285714285713,1.234375,"[4, 3, 1]"
student009256091,acc_function,6,720,0.017857142857142856,0.484375,"[6, 1, 1]"
student025630924,acc_function,3,24,0.0005952380952380953,0.984375,"[3, 2, 2, 1]"
student058917413,acc_function,4,24,0.0005952380952380953,1.25,"[4, 1, 1, 1, 1]"
student089211975,acc_function,4,144,0.0035714285714285713,0.484375,"[4, 3, 1]"
student136459685,acc_function,3,24,0.0005952380952380953,1.109375,"[3, 2, 2, 1]"
student144545102,acc_function,2,16,0.0003968253968253968,2.5,"[2, 2, 2, 2]"
student144717149,acc_function,5,240,0.005952380952380952,0.734375,"[5, 2, 1]"
student148378008,acc_function,3,24,0.0005952380952380953,0.9375,"[3, 2, 2, 1]"
student156355987,acc_function,5,240,0.005952380952380952,0.734375,"[5, 2, 1]"
student191725291,acc_function,4,48,0.0011904761904761906,0.734375,"[4, 2, 1, 1]"
student240104347,acc_function,4,144,0.0035714285714285713,1.234375,"[4, 3, 1]"
student278146785,acc_function,3,24,0.0005952380952380953,0.9375,"[3, 2, 2, 1]"
student295883465,acc_function,3,12,0.00029761904761904765,1.75,"[3, 2, 1, 1, 1]"
student340575579,acc_function,4,144,0.0035714285714285713,0.859375,"[4, 3, 1]"
student350231331,acc_function,4,96,0.002380952380952381,0.5,"[4, 2, 2]"
student390655586,acc_function,4,144,0.0035714285714285713,0.4375,"[4, 3, 1]"
student476319830,acc_function,3,24,0.0005952380952380953,2.109375,"[3, 2, 2, 1]"
student487551197,acc_function,5,720,0.017857142857142856,0.9375,"[5, 3]"
student500076089,acc_function,6,720,0.017857142857142856,2.359375,"[6, 1, 1]"
student513397576,acc_function,4,96,0.002380952380952381,0.6875,"[4, 2, 2]"
student516959771,acc_function,4,48,0.0011904761904761906,1.25,"[4, 2, 1, 1]"
student532875521,acc_function,2,8,0.0001984126984126984,1.734375,"[2, 2, 2, 1, 1]"
student575073547,acc_function,3,12,0.00029761904761904765,2.0,"[3, 2, 1, 1, 1]"
student673364615,acc_function,3,12,0.00029761904761904765,1.4375,"[3, 2, 1, 1, 1]"
student694912523,acc_function,4,48,0.0011904761904761906,1.609375,"[4, 2, 1, 1]"
student870854685,acc_function,3,24,0.0005952380952380953,1.109375,"[3, 2, 2, 1]"
student899471171,acc_function,4,48,0.0011904761904761906,1.25,"[4, 2, 1, 1]"
student901372626,acc_function,2,8,0.0001984126984126984,2.359375,"[2, 2, 2, 1, 1]"
student914411502,acc_function,4,144,0.0035714285714285713,1.609375,"[4, 3, 1]"
student918195873,acc_function,4,96,0.002380952380952381,1.6875,"[4, 2, 2]"
student925329115,acc_function,2,16,0.0003968253968253968,1.25,"[2, 2, 2, 2]"
student931185699,acc_function,4,48,0.0011904761904761906,1.859375,"[4, 2, 1, 1]"
student963260606,acc_function,4,96,0.002380952380952381,0.6875,"[4, 2, 2]"
student974787067,acc_function,6,1440,0.03571428571428571,0.75,"[6, 2]"
student992610673,acc_function,4,144,0.0035714285714285713,1.9375,"[4, 3, 1]"
student993246719,acc_function,6,1440,0.03571428571428571,0.75,"[6, 2]"
student995512205,acc_function,4,144,0.0035714285714285713,0.859375,"[4, 3, 1]"
WMstudent294414059,acc_output,5,720,0.017857142857142856,0.234375,"[5, 3]"
WMstudent386612754,acc_output,7,5040,0.125,0.109375,"[7, 1]"
WMstudent501042246,acc_output,6,1440,0.03571428571428571,0.1875,"[6, 2]"
WMstudent610653370,acc_output,6,1440,0.03571428571428571,0.1875,"[6, 2]"
WMstudent638557193,acc_output,5,720,0.017857142857142856,0.234375,"[5, 3]"
WMstudent794142157,acc_output,6,1440,0.03571428571428571,0.1875,"[6, 2]"
WMstudent839489271,acc_output,8,40320,1.0,0.0,[8]
student009256091,acc_output,6,1440,0.03571428571428571,0.1875,"[6, 2]"
student025630924,acc_output,5,720,0.017857142857142856,0.234375,"[5, 3]"
student058917413,acc_output,5,720,0.017857142857142856,0.234375,"[5, 3]"
student089211975,acc_output,7,5040,0.125,0.109375,"[7, 1]"
student136459685,acc_output,5,720,0.017857142857142856,0.234375,"[5, 3]"
student144545102,acc_output,5,720,0.017857142857142856,0.234375,"[5, 3]"
student144717149,acc_output,8,40320,1.0,0.0,[8]
student148378008,acc_output,5,720,0.017857142857142856,0.234375,"[5, 3]"
student156355987,acc_output,7,5040,0.125,0.109375,"[7, 1]"
student191725291,acc_output,4,576,0.014285714285714285,0.25,"[4, 4]"
student240104347,acc_output,5,720,0.017857142857142856,0.234375,"[5, 3]"
student278146785,acc_output,4,576,0.014285714285714285,0.25,"[4, 4]"
student295883465,acc_output,6,1440,0.03571428571428571,0.1875,"[6, 2]"
student340575579,acc_output,4,576,0.014285714285714285,0.25,"[4, 4]"
student350231331,acc_output,6,1440,0.03571428571428571,0.1875,"[6, 2]"
student390655586,acc_output,4,576,0.014285714285714285,0.25,"[4, 4]"
student476319830,acc_output,7,5040,0.125,0.109375,"[7, 1]"
student487551197,acc_output,8,40320,1.0,0.0,[8]
student500076089,acc_output,4,576,0.014285714285714285,0.25,"[4, 4]"
student513397576,acc_output,4,576,0.014285714285714285,0.25,"[4, 4]"
student516959771,acc_output,6,1440,0.03571428571428571,0.1875,"[6, 2]"
student532875521,acc_output,5,720,0.017857142857142856,0.234375,"[5, 3]"
student575073547,acc_output,5,720,0.017857142857142856,0.234375,"[5, 3]"
student673364615,acc_output,4,576,0.014285714285714285,0.25,"[4, 4]"
student694912523,acc_output,5,720,0.017857142857142856,0.234375,"[5, 3]"
student870854685,acc_output,8,40320,1.0,0.0,[8]
student899471171,acc_output,8,40320,1.0,0.0,[8]
student901372626,acc_output,4,576,0.014285714285714285,0.25,"[4, 4]"
student914411502,acc_output,8,40320,1.0,0.0,[8]
student918195873,acc_output,4,576,0.014285714285714285,0.25,"[4, 4]"
student925329115,acc_output,5,720,0.017857142857142856,0.234375,"[5, 3]"
student931185699,acc_output,6,1440,0.03571428571428571,0.1875,"[6, 2]"
student963260606,acc_output,7,5040,0.125,0.109375,"[7, 1]"
student974787067,acc_output,6,1440,0.03571428571428571,0.1875,"[6, 2]"
student992610673,acc_output,6,1440,0.03571428571428571,0.1875,"[6, 2]"
student993246719,acc_output,7,5040,0.125,0.109375,"[7, 1]"
student995512205,acc_output,6,1440,0.03571428571428571,0.1875,"[6, 2]"
WMstudent294414059,acc_syntaxBL,8,40320,1.0,0.0,[8]
WMstudent386612754,acc_syntaxBL,8,40320,1.0,0.0,[8]
WMstudent501042246,acc_syntaxBL,7,5040,0.125,0.109375,"[7, 1]"
WMstudent610653370,acc_syntaxBL,8,40320,1.0,0.0,[8]
WMstudent638557193,acc_syntaxBL,7,5040,0.125,0.109375,"[7, 1]"
WMstudent794142157,acc_syntaxBL,7,5040,0.125,0.109375,"[7, 1]"
WMstudent839489271,acc_syntaxBL,6,1440,0.03571428571428571,0.1875,"[6, 2]"
student009256091,acc_syntaxBL,6,1440,0.03571428571428571,0.1875,"[6, 2]"
student025630924,acc_syntaxBL,7,5040,0.125,0.109375,"[7, 1]"
student058917413,acc_syntaxBL,6,1440,0.03571428571428571,0.1875,"[6, 2]"
student089211975,acc_syntaxBL,8,40320,1.0,0.0,[8]
student136459685,acc_syntaxBL,7,5040,0.125,0.109375,"[7, 1]"
student144545102,acc_syntaxBL,8,40320,1.0,0.0,[8]
student144717149,acc_syntaxBL,7,5040,0.125,0.109375,"[7, 1]"
student148378008,acc_syntaxBL,6,1440,0.03571428571428571,0.1875,"[6, 2]"
student156355987,acc_syntaxBL,7,5040,0.125,0.109375,"[7, 1]"
student191725291,acc_syntaxBL,7,5040,0.125,0.109375,"[7, 1]"
student240104347,acc_syntaxBL,6,1440,0.03571428571428571,0.1875,"[6, 2]"
student278146785,acc_syntaxBL,7,5040,0.125,0.109375,"[7, 1]"
student295883465,acc_syntaxBL,8,40320,1.0,0.0,[8]
student340575579,acc_syntaxBL,5,720,0.017857142857142856,0.234375,"[5, 3]"
student350231331,acc_syntaxBL,8,40320,1.0,0.0,[8]
student390655586,acc_syntaxBL,7,5040,0.125,0.109375,"[7, 1]"
student476319830,acc_syntaxBL,7,5040,0.125,0.109375,"[7, 1]"
student487551197,acc_syntaxBL,8,40320,1.0,0.0,[8]
student500076089,acc_syntaxBL,4,576,0.014285714285714285,0.25,"[4, 4]"
student513397576,acc_syntaxBL,7,5040,0.125,0.109375,"[7, 1]"
student516959771,acc_syntaxBL,7,5040,0.125,0.109375,"[7, 1]"
student532875521,acc_syntaxBL,8,40320,1.0,0.0,[8]
student575073547,acc_syntaxBL,6,1440,0.03571428571428571,0.1875,"[6, 2]"
student673364615,acc_syntaxBL,8,40320,1.0,0.0,[8]
student694912523,acc_syntaxBL,7,5040,0.125,0.109375,"[7, 1]"
student870854685,acc_syntaxBL,8,40320,1.0,0.0,[8]
student899471171,acc_syntaxBL,7,5040,0.125,0.109375,"[7, 1]"
student901372626,acc_syntaxBL,8,40320,1.0,0.0,[8]
student914411502,acc_syntaxBL,8,40320,1.0,0.0,[8]
student918195873,acc_syntaxBL,8,40320,1.0,0.0,[8]
student925329115,acc_syntaxBL,6,1440,0.03571428571428571,0.1875,"[6, 2]"
student931185699,acc_syntaxBL,7,5040,0.125,0.109375,"[7, 1]"
student963260606,acc_syntaxBL,8,40320,1.0,0.0,[8]
student974787067,acc_syntaxBL,7,5040,0.125,0.109375,"[7, 1]"
student992610673,acc_syntaxBL,7,5040,0.125,0.109375,"[7, 1]"
student993246719,acc_syntaxBL,8,40320,1.0,0.0,[8]
student995512205,acc_syntaxBL,7,5040,0.125,0.109375,"[7, 1]"
WMstudent294414059,readTime,1,1,2.48015873015873e-05,180.25,"[1, 1, 1, 1, 1, 1, 1, 1]"
WMstudent386612754,readTime,1,1,2.48015873015873e-05,5307.5,"[1, 1, 1, 1, 1, 1, 1, 1]"
WMstudent501042246,readTime,1,1,2.48015873015873e-05,107.609375,"[1, 1, 1, 1, 1, 1, 1, 1]"
WMstudent610653370,readTime,1,1,2.48015873015873e-05,9965.1875,"[1, 1, 1, 1, 1, 1, 1, 1]"
WMstudent638557193,readTime,1,1,2.48015873015873e-05,585.859375,"[1, 1, 1, 1, 1, 1, 1, 1]"
WMstudent794142157,readTime,1,1,2.48015873015873e-05,2691.9375,"[1, 1, 1, 1, 1, 1, 1, 1]"
WMstudent839489271,readTime,2,2,4.96031746031746e-05,296.484375,"[2, 1, 1, 1, 1, 1, 1]"
student009256091,readTime,1,1,2.48015873015873e-05,440.984375,"[1, 1, 1, 1, 1, 1, 1, 1]"
student025630924,readTime,1,1,2.48015873015873e-05,899.9375,"[1, 1, 1, 1, 1, 1, 1, 1]"
student058917413,readTime,1,1,2.48015873015873e-05,597.6875,"[1, 1, 1, 1, 1, 1, 1, 1]"
student089211975,readTime,1,1,2.48015873015873e-05,754.25,"[1, 1, 1, 1, 1, 1, 1, 1]"
student136459685,readTime,1,1,2.48015873015873e-05,2313.609375,"[1, 1, 1, 1, 1, 1, 1, 1]"
student144545102,readTime,1,1,2.48015873015873e-05,876.484375,"[1, 1, 1, 1, 1, 1, 1, 1]"
student144717149,readTime,1,1,2.48015873015873e-05,425.359375,"[1, 1, 1, 1, 1, 1, 1, 1]"
student148378008,readTime,1,1,2.48015873015873e-05,8174.859375,"[1, 1, 1, 1, 1, 1, 1, 1]"
student156355987,readTime,1,1,2.48015873015873e-05,2114.234375,"[1, 1, 1, 1, 1, 1, 1, 1]"
student191725291,readTime,1,1,2.48015873015873e-05,1362.609375,"[1, 1, 1, 1, 1, 1, 1, 1]"
student240104347,readTime,1,1,2.48015873015873e-05,5562.4375,"[1, 1, 1, 1, 1, 1, 1, 1]"
student278146785,readTime,1,1,2.48015873015873e-05,894.0,"[1, 1, 1, 1, 1, 1, 1, 1]"
student295883465,readTime,2,2,4.96031746031746e-05,3242.984375,"[2, 1, 1, 1, 1, 1, 1]"
student340575579,readTime,2,2,4.96031746031746e-05,413.734375,"[2, 1, 1, 1, 1, 1, 1]"
student350231331,readTime,1,1,2.48015873015873e-05,4493.75,"[1, 1, 1, 1, 1, 1, 1, 1]"
student390655586,readTime,2,2,4.96031746031746e-05,524.5,"[2, 1, 1, 1, 1, 1, 1]"
student476319830,readTime,1,1,2.48015873015873e-05,1239.75,"[1, 1, 1, 1, 1, 1, 1, 1]"
student487551197,readTime,2,2,4.96031746031746e-05,1301.484375,"[2, 1, 1, 1, 1, 1, 1]"
student500076089,readTime,2,4,9.92063492063492e-05,20.0,"[2, 2, 1, 1, 1, 1]"
student513397576,readTime,1,1,2.48015873015873e-05,1066.1875,"[1, 1, 1, 1, 1, 1, 1, 1]"
student516959771,readTime,1,1,2.48015873015873e-05,250.5,"[1, 1, 1, 1, 1, 1, 1, 1]"
student532875521,readTime,1,1,2.48015873015873e-05,2128.75,"[1, 1, 1, 1, 1, 1, 1, 1]"
student575073547,readTime,1,1,2.48015873015873e-05,1054.109375,"[1, 1, 1, 1, 1, 1, 1, 1]"
student673364615,readTime,1,1,2.48015873015873e-05,1945.0,"[1, 1, 1, 1, 1, 1, 1, 1]"
student694912523,readTime,1,1,2.48015873015873e-05,19611.234375,"[1, 1, 1, 1, 1, 1, 1, 1]"
student870854685,readTime,1,1,2.48015873015873e-05,1118.1875,"[1, 1, 1, 1, 1, 1, 1, 1]"
student899471171,readTime,1,1,2.48015873015873e-05,12519.75,"[1, 1, 1, 1, 1, 1, 1, 1]"
student901372626,readTime,2,2,4.96031746031746e-05,153.859375,"[2, 1, 1, 1, 1, 1, 1]"
student914411502,readTime,1,1,2.48015873015873e-05,1171.109375,"[1, 1, 1, 1, 1, 1, 1, 1]"
student918195873,readTime,1,1,2.48015873015873e-05,3257.734375,"[1, 1, 1, 1, 1, 1, 1, 1]"
student925329115,readTime,1,1,2.48015873015873e-05,363.75,"[1, 1, 1, 1, 1, 1, 1, 1]"
student931185699,readTime,1,1,2.48015873015873e-05,284.5,"[1, 1, 1, 1, 1, 1, 1, 1]"
student963260606,readTime,1,1,2.48015873015873e-05,3524.359375,"[1, 1, 1, 1, 1, 1, 1, 1]"
student974787067,readTime,1,1,2.48015873015873e-05,1172.734375,"[1, 1, 1, 1, 1, 1, 1, 1]"
student992610673,readTime,1,1,2.48015873015873e-05,242.234375,"[1, 1, 1, 1, 1, 1, 1, 1]"
student993246719,readTime,1,1,2.48015873015873e-05,9150.9375,"[1, 1, 1, 1, 1, 1, 1, 1]"
student995512205,readTime,1,1,2.48015873015873e-05,1634.734375,"[1, 1, 1, 1, 1, 1, 1, 1]"
WMstudent294414059,scaleSM,2,16,0.0003968253968253968,1.25,"[2, 2, 2, 2]"
WMstudent386612754,scaleSM,3,24,0.0005952380952380953,1.484375,"[3, 2, 2, 1]"
WMstudent501042246,scaleSM,4,144,0.0035714285714285713,0.484375,"[4, 3, 1]"
WMstudent610653370,scaleSM,4,144,0.0035714285714285713,0.484375,"[4, 3, 1]"
WMstudent638557193,scaleSM,3,24,0.0005952380952380953,0.984375,"[3, 2, 2, 1]"
WMstudent794142157,scaleSM,3,72,0.0017857142857142857,0.609375,"[3, 3, 2]"
WMstudent839489271,scaleSM,4,48,0.0011904761904761906,1.609375,"[4, 2, 1, 1]"
student009256091,scaleSM,3,24,0.0005952380952380953,1.4375,"[3, 2, 2, 1]"
student025630924,scaleSM,3,24,0.0005952380952380953,0.9375,"[3, 2, 2, 1]"
student058917413,scaleSM,6,720,0.017857142857142856,0.609375,"[6, 1, 1]"
student089211975,scaleSM,4,48,0.0011904761904761906,0.734375,"[4, 2, 1, 1]"
student136459685,scaleSM,2,8,0.0001984126984126984,1.734375,"[2, 2, 2, 1, 1]"
student144545102,scaleSM,3,12,0.00029761904761904765,1.359375,"[3, 2, 1, 1, 1]"
student144717149,scaleSM,4,576,0.014285714285714285,0.25,"[4, 4]"
student148378008,scaleSM,4,96,0.002380952380952381,0.5,"[4, 2, 2]"
student156355987,scaleSM,6,720,0.017857142857142856,0.484375,"[6, 1, 1]"
student191725291,scaleSM,3,12,0.00029761904761904765,1.359375,"[3, 2, 1, 1, 1]"
student240104347,scaleSM,3,72,0.0017857142857142857,0.75,"[3, 3, 2]"
student278146785,scaleSM,4,48,0.0011904761904761906,1.109375,"[4, 2, 1, 1]"
student295883465,scaleSM,4,48,0.0011904761904761906,1.734375,"[4, 2, 1, 1]"
student340575579,scaleSM,3,24,0.0005952380952380953,0.9375,"[3, 2, 2, 1]"
student350231331,scaleSM,3,24,0.0005952380952380953,1.109375,"[3, 2, 2, 1]"
student390655586,scaleSM,3,24,0.0005952380952380953,0.984375,"[3, 2, 2, 1]"
student476319830,scaleSM,5,120,0.002976190476190476,0.6875,"[5, 1, 1, 1]"
student487551197,scaleSM,3,12,0.00029761904761904765,1.609375,"[3, 2, 1, 1, 1]"
student500076089,scaleSM,4,48,0.0011904761904761906,1.109375,"[4, 2, 1, 1]"
student513397576,scaleSM,4,144,0.0035714285714285713,0.4375,"[4, 3, 1]"
student516959771,scaleSM,3,36,0.0008928571428571428,1.1875,"[3, 3, 1, 1]"
student532875521,scaleSM,3,24,0.0005952380952380953,1.234375,"[3, 2, 2, 1]"
student575073547,scaleSM,3,24,0.0005952380952380953,0.984375,"[3, 2, 2, 1]"
student673364615,scaleSM,3,12,0.00029761904761904765,1.4375,"[3, 2, 1, 1, 1]"
student694912523,scaleSM,4,144,0.0035714285714285713,0.484375,"[4, 3, 1]"
student870854685,scaleSM,4,96,0.002380952380952381,0.5,"[4, 2, 2]"
student899471171,scaleSM,3,12,0.00029761904761904765,2.0,"[3, 2, 1, 1, 1]"
student901372626,scaleSM,2,16,0.0003968253968253968,1.25,"[2, 2, 2, 2]"
student914411502,scaleSM,2,16,0.0003968253968253968,1.25,"[2, 2, 2, 2]"
student918195873,scaleSM,3,24,0.0005952380952380953,0.9375,"[3, 2, 2, 1]"
student925329115,scaleSM,4,96,0.002380952380952381,0.6875,"[4, 2, 2]"
student931185699,scaleSM,3,24,0.0005952380952380953,1.484375,"[3, 2, 2, 1]"
student963260606,scaleSM,3,36,0.0008928571428571428,1.75,"[3, 3, 1, 1]"
student974787067,scaleSM,3,24,0.0005952380952380953,1.484375,"[3, 2, 2, 1]"
student992610673,scaleSM,2,8,0.0001984126984126984,1.5,"[2, 2, 2, 1, 1]"
student993246719,scaleSM,3,24,0.0005952380952380953,1.4375,"[3, 2, 2, 1]"
student995512205,scaleSM,4,48,0.0011904761904761906,0.734375,"[4, 2, 1, 1]"
WMstudent294414059,scaleST,3,72,0.0017857142857142857,0.609375,"[3, 3, 2]"
WMstudent386612754,scaleST,4,96,0.002380952380952381,1.5,"[4, 2, 2]"
WMstudent501042246,scaleST,4,144,0.0035714285714285713,0.484375,"[4, 3, 1]"
WMstudent610653370,scaleST,4,144,0.0035714285714285713,0.4375,"[4, 3, 1]"
WMstudent638557193,scaleST,3,72,0.0017857142857142857,0.75,"[3, 3, 2]"
WMstudent794142157,scaleST,5,240,0.005952380952380952,0.359375,"[5, 2, 1]"
WMstudent839489271,scaleST,7,5040,0.125,0.109375,"[7, 1]"
student009256091,scaleST,4,48,0.0011904761904761906,2.5,"[4, 2, 1, 1]"
student025630924,scaleST,3,24,0.0005952380952380953,1.484375,"[3, 2, 2, 1]"
student058917413,scaleST,4,48,0.0011904761904761906,0.859375,"[4, 2, 1, 1]"
student089211975,scaleST,4,48,0.0011904761904761906,1.25,"[4, 2, 1, 1]"
student136459685,scaleST,4,48,0.0011904761904761906,1.6875,"[4, 2, 1, 1]"
student144545102,scaleST,2,8,0.0001984126984126984,1.859375,"[2, 2, 2, 1, 1]"
student144717149,scaleST,4,576,0.014285714285714285,0.25,"[4, 4]"
student148378008,scaleST,5,240,0.005952380952380952,0.359375,"[5, 2, 1]"
student156355987,scaleST,4,144,0.0035714285714285713,0.484375,"[4, 3, 1]"
student191725291,scaleST,3,12,0.00029761904761904765,2.0,"[3, 2, 1, 1, 1]"
student240104347,scaleST,3,24,0.0005952380952380953,0.984375,"[3, 2, 2, 1]"
student278146785,scaleST,5,240,0.005952380952380952,0.734375,"[5, 2, 1]"
student295883465,scaleST,4,48,0.0011904761904761906,0.734375,"[4, 2, 1, 1]"
student340575579,scaleST,4,144,0.0035714285714285713,1.234375,"[4, 3, 1]"
student350231331,scaleST,4,48,0.0011904761904761906,1.109375,"[4, 2, 1, 1]"
student390655586,scaleST,4,144,0.0035714285714285713,0.484375,"[4, 3, 1]"
student476319830,scaleST,6,720,0.017857142857142856,0.609375,"[6, 1, 1]"
student487551197,scaleST,3,12,0.00029761904761904765,1.359375,"[3, 2, 1, 1, 1]"
student500076089,scaleST,4,48,0.0011904761904761906,1.75,"[4, 2, 1, 1]"
student513397576,scaleST,4,144,0.0035714285714285713,0.4375,"[4, 3, 1]"
student516959771,scaleST,4,48,0.0011904761904761906,0.734375,"[4, 2, 1, 1]"
student532875521,scaleST,4,48,0.0011904761904761906,1.609375,"[4, 2, 1, 1]"
student575073547,scaleST,3,24,0.0005952380952380953,0.9375,"[3, 2, 2, 1]"
student673364615,scaleST,2,16,0.0003968253968253968,1.25,"[2, 2, 2, 2]"
student694912523,scaleST,4,144,0.0035714285714285713,0.484375,"[4, 3, 1]"
student870854685,scaleST,5,720,0.017857142857142856,0.234375,"[5, 3]"
student899471171,scaleST,3,24,0.0005952380952380953,1.859375,"[3, 2, 2, 1]"
student901372626,scaleST,3,24,0.0005952380952380953,1.109375,"[3, 2, 2, 1]"
student914411502,scaleST,3,36,0.0008928571428571428,1.0,"[3, 3, 1, 1]"
student918195873,scaleST,3,36,0.0008928571428571428,1.0,"[3, 3, 1, 1]"
student925329115,scaleST,4,144,0.0035714285714285713,0.4375,"[4, 3, 1]"
student931185699,scaleST,3,24,0.0005952380952380953,1.109375,"[3, 2, 2, 1]"
student963260606,scaleST,5,240,0.005952380952380952,1.359375,"[5, 2, 1]"
student974787067,scaleST,3,24,0.0005952380952380953,0.9375,"[3, 2, 2, 1]"
student992610673,scaleST,6,720,0.017857142857142856,0.609375,"[6, 1, 1]"
student993246719,scaleST,2,8,0.0001984126984126984,1.9375,"[2, 2, 2, 1, 1]"
student995512205,scaleST,4,96,0.002380952380952381,0.6875,"[4, 2, 2]"
WMstudent638557193,time_correct_function,2,2,4.96031746031746e-05,3032.25,"[2, 1, 1, 1, 1, 1, 1]"
student089211975,time_correct_function,2,2,4.96031746031746e-05,8845.1875,"[2, 1, 1, 1, 1, 1, 1]"
student144717149,time_correct_function,1,1,2.48015873015873e-05,1025.359375,"[1, 1, 1, 1, 1, 1, 1, 1]"
student156355987,time_correct_function,1,1,2.48015873015873e-05,16106.9375,"[1, 1, 1, 1, 1, 1, 1, 1]"
student350231331,time_correct_function,1,1,2.48015873015873e-05,8145.6875,"[1, 1, 1, 1, 1, 1, 1, 1]"
student487551197,time_correct_function,1,1,2.48015873015873e-05,2591.234375,"[1, 1, 1, 1, 1, 1, 1, 1]"
student513397576,time_correct_function,1,1,2.48015873015873e-05,4734.0,"[1, 1, 1, 1, 1, 1, 1, 1]"
student963260606,time_correct_function,1,1,2.48015873015873e-05,8116.9375,"[1, 1, 1, 1, 1, 1, 1, 1]"
student974787067,time_correct_function,1,1,2.48015873015873e-05,5604.734375,"[1, 1, 1, 1, 1, 1, 1, 1]"
student993246719,time_correct_function,2,2,4.96031746031746e-05,5937.109375,"[2, 1, 1, 1, 1, 1, 1]"
WMstudent839489271,time_correct_output,1,1,2.48015873015873e-05,22576.234375,"[1, 1, 1, 1, 1, 1, 1, 1]"
student144717149,time_correct_output,1,1,2.48015873015873e-05,885.0,"[1, 1, 1, 1, 1, 1, 1, 1]"
student487551197,time_correct_output,1,1,2.48015873015873e-05,3565.234375,"[1, 1, 1, 1, 1, 1, 1, 1]"
student870854685,time_correct_output,1,1,2.48015873015873e-05,2267.234375,"[1, 1, 1, 1, 1, 1, 1, 1]"
student914411502,time_correct_output,1,1,2.48015873015873e-05,2167.109375,"[1, 1, 1, 1, 1, 1, 1, 1]"
WMstudent294414059,time_correct_syntaxBL,2,4,9.92063492063492e-05,42.109375,"[2, 2, 1, 1, 1, 1]"
WMstudent386612754,time_correct_syntaxBL,1,1,2.48015873015873e-05,62.984375,"[1, 1, 1, 1, 1, 1, 1, 1]"
WMstudent610653370,time_correct_syntaxBL,1,1,2.48015873015873e-05,125.609375,"[1, 1, 1, 1, 1, 1, 1, 1]"
student089211975,time_correct_syntaxBL,4,24,0.0005952380952380953,197.75,"[4, 1, 1, 1, 1]"
student144545102,time_correct_syntaxBL,2,2,4.96031746031746e-05,28.734375,"[2, 1, 1, 1, 1, 1, 1]"
student295883465,time_correct_syntaxBL,2,8,0.0001984126984126984,10.1875,"[2, 2, 2, 1, 1]"
student350231331,time_correct_syntaxBL,2,8,0.0001984126984126984,162.859375,"[2, 2, 2, 1, 1]"
student487551197,time_correct_syntaxBL,3,24,0.0005952380952380953,7.5,"[3, 2, 2, 1]"
student532875521,time_correct_syntaxBL,4,24,0.0005952380952380953,20.0,"[4, 1, 1, 1, 1]"
student673364615,time_correct_syntaxBL,3,6,0.00014880952380952382,318.859375,"[3, 1, 1, 1, 1, 1]"
student870854685,time_correct_syntaxBL,1,1,2.48015873015873e-05,57.75,"[1, 1, 1, 1, 1, 1, 1, 1]"
student901372626,time_correct_syntaxBL,2,2,4.96031746031746e-05,672.9375,"[2, 1, 1, 1, 1, 1, 1]"
student914411502,time_correct_syntaxBL,3,12,0.00029761904761904765,4.4375,"[3, 2, 1, 1, 1]"
student918195873,time_correct_syntaxBL,2,2,4.96031746031746e-05,185.484375,"[2, 1, 1, 1, 1, 1, 1]"
student963260606,time_correct_syntaxBL,2,2,4.96031746031746e-05,280.609375,"[2, 1, 1, 1, 1, 1, 1]"
student993246719,time_correct_syntaxBL,2,2,4.96031746031746e-05,17.9375,"[2, 1, 1, 1, 1, 1, 1]"
WMstudent294414059,time_function,1,1,2.48015873015873e-05,992.109375,"[1, 1, 1, 1, 1, 1, 1, 1]"
WMstudent386612754,time_function,1,1,2.48015873015873e-05,6865.4375,"[1, 1, 1, 1, 1, 1, 1, 1]"
WMstudent501042246,time_function,1,1,2.48015873015873e-05,474.484375,"[1, 1, 1, 1, 1, 1, 1, 1]"
WMstudent610653370,time_function,1,1,2.48015873015873e-05,830.5,"[1, 1, 1, 1, 1, 1, 1, 1]"
WMstudent638557193,time_function,2,2,4.96031746031746e-05,3032.25,"[2, 1, 1, 1, 1, 1, 1]"
WMstudent794142157,time_function,1,1,2.48015873015873e-05,1223.484375,"[1, 1, 1, 1, 1, 1, 1, 1]"
WMstudent839489271,time_function,1,1,2.48015873015873e-05,11467.9375,"[1, 1, 1, 1, 1, 1, 1, 1]"
student009256091,time_function,1,1,2.48015873015873e-05,71398.5,"[1, 1, 1, 1, 1, 1, 1, 1]"
student025630924,time_function,2,2,4.96031746031746e-05,5589.25,"[2, 1, 1, 1, 1, 1, 1]"
student058917413,time_function,1,1,2.48015873015873e-05,57593.859375,"[1, 1, 1, 1, 1, 1, 1, 1]"
student089211975,time_function,2,2,4.96031746031746e-05,8845.1875,"[2, 1, 1, 1, 1, 1, 1]"
student136459685,time_function,1,1,2.48015873015873e-05,2811.5,"[1, 1, 1, 1, 1, 1, 1, 1]"
student144545102,time_function,1,1,2.48015873015873e-05,577.609375,"[1, 1, 1, 1, 1, 1, 1, 1]"
student144717149,time_function,1,1,2.48015873015873e-05,1025.359375,"[1, 1, 1, 1, 1, 1, 1, 1]"
student148378008,time_function,1,1,2.48015873015873e-05,3163.984375,"[1, 1, 1, 1, 1, 1, 1, 1]"
student156355987,time_function,1,1,2.48015873015873e-05,16106.9375,"[1, 1, 1, 1, 1, 1, 1, 1]"
student191725291,time_function,1,1,2.48015873015873e-05,6622.484375,"[1, 1, 1, 1, 1, 1, 1, 1]"
student240104347,time_function,1,1,2.48015873015873e-05,6571.75,"[1, 1, 1, 1, 1, 1, 1, 1]"
student278146785,time_function,2,2,4.96031746031746e-05,2509.484375,"[2, 1, 1, 1, 1, 1, 1]"
student295883465,time_function,1,1,2.48015873015873e-05,14490.359375,"[1, 1, 1, 1, 1, 1, 1, 1]"
student340575579,time_function,1,1,2.48015873015873e-05,2316.984375,"[1, 1, 1, 1, 1, 1, 1, 1]"
student350231331,time_function,1,1,2.48015873015873e-05,8145.6875,"[1, 1, 1, 1, 1, 1, 1, 1]"
student390655586,time_function,1,1,2.48015873015873e-05,2036.25,"[1, 1, 1, 1, 1, 1, 1, 1]"
student476319830,time_function,2,2,4.96031746031746e-05,20460.5,"[2, 1, 1, 1, 1, 1, 1]"
student487551197,time_function,1,1,2.48015873015873e-05,2591.234375,"[1, 1, 1, 1, 1, 1, 1, 1]"
student500076089,time_function,2,2,4.96031746031746e-05,4490.734375,"[2, 1, 1, 1, 1, 1, 1]"
student513397576,time_function,1,1,2.48015873015873e-05,4734.0,"[1, 1, 1, 1, 1, 1, 1, 1]"
student516959771,time_function,1,1,2.48015873015873e-05,842.609375,"[1, 1, 1, 1, 1, 1, 1, 1]"
student532875521,time_function,1,1,2.48015873015873e-05,151.859375,"[1, 1, 1, 1, 1, 1, 1, 1]"
student575073547,time_function,1,1,2.48015873015873e-05,3522.0,"[1, 1, 1, 1, 1, 1, 1, 1]"
student673364615,time_function,1,1,2.48015873015873e-05,987.484375,"[1, 1, 1, 1, 1, 1, 1, 1]"
student694912523,time_function,1,1,2.48015873015873e-05,5179.359375,"[1, 1, 1, 1, 1, 1, 1, 1]"
student870854685,time_function,2,2,4.96031746031746e-05,1665.609375,"[2, 1, 1, 1, 1, 1, 1]"
student899471171,time_function,2,2,4.96031746031746e-05,9604.25,"[2, 1, 1, 1, 1, 1, 1]"
student901372626,time_function,1,1,2.48015873015873e-05,4036.984375,"[1, 1, 1, 1, 1, 1, 1, 1]"
student914411502,time_function,1,1,2.48015873015873e-05,550.0,"[1, 1, 1, 1, 1, 1, 1, 1]"
student918195873,time_function,1,1,2.48015873015873e-05,4952.5,"[1, 1, 1, 1, 1, 1, 1, 1]"
student925329115,time_function,1,1,2.48015873015873e-05,1404.734375,"[1, 1, 1, 1, 1, 1, 1, 1]"
student931185699,time_function,1,1,2.48015873015873e-05,5142.234375,"[1, 1, 1, 1, 1, 1, 1, 1]"
student963260606,time_function,1,1,2.48015873015873e-05,8116.9375,"[1, 1, 1, 1, 1, 1, 1, 1]"
student974787067,time_function,1,1,2.48015873015873e-05,5604.734375,"[1, 1, 1, 1, 1, 1, 1, 1]"
student992610673,time_function,1,1,2.48015873015873e-05,1086.75,"[1, 1, 1, 1, 1, 1, 1, 1]"
student993246719,time_function,2,2,4.96031746031746e-05,5937.109375,"[2, 1, 1, 1, 1, 1, 1]"
student995512205,time_function,2,2,4.96031746031746e-05,25017.5,"[2, 1, 1, 1, 1, 1, 1]"
WMstudent294414059,time_output,1,1,2.48015873015873e-05,760.9375,"[1, 1, 1, 1, 1, 1, 1, 1]"
WMstudent386612754,time_output,3,6,0.00014880952380952382,1827.109375,"[3, 1, 1, 1, 1, 1]"
WMstudent501042246,time_output,1,1,2.48015873015873e-05,1570.1875,"[1, 1, 1, 1, 1, 1, 1, 1]"
WMstudent610653370,time_output,1,1,2.48015873015873e-05,29456.75,"[1, 1, 1, 1, 1, 1, 1, 1]"
WMstudent638557193,time_output,2,2,4.96031746031746e-05,1851.4375,"[2, 1, 1, 1, 1, 1, 1]"
WMstudent794142157,time_output,1,1,2.48015873015873e-05,2205.0,"[1, 1, 1, 1, 1, 1, 1, 1]"
WMstudent839489271,time_output,1,1,2.48015873015873e-05,22576.234375,"[1, 1, 1, 1, 1, 1, 1, 1]"
student009256091,time_output,1,1,2.48015873015873e-05,11282.234375,"[1, 1, 1, 1, 1, 1, 1, 1]"
student025630924,time_output,1,1,2.48015873015873e-05,3723.484375,"[1, 1, 1, 1, 1, 1, 1, 1]"
student058917413,time_output,1,1,2.48015873015873e-05,15912.859375,"[1, 1, 1, 1, 1, 1, 1, 1]"
student089211975,time_output,1,1,2.48015873015873e-05,8232.9375,"[1, 1, 1, 1, 1, 1, 1, 1]"
student136459685,time_output,1,1,2.48015873015873e-05,3777.1875,"[1, 1, 1, 1, 1, 1, 1, 1]"
student144545102,time_output,1,1,2.48015873015873e-05,5387.4375,"[1, 1, 1, 1, 1, 1, 1, 1]"
student144717149,time_output,1,1,2.48015873015873e-05,885.0,"[1, 1, 1, 1, 1, 1, 1, 1]"
student148378008,time_output,1,1,2.48015873015873e-05,5105.109375,"[1, 1, 1, 1, 1, 1, 1, 1]"
student156355987,time_output,2,2,4.96031746031746e-05,6904.609375,"[2, 1, 1, 1, 1, 1, 1]"
student191725291,time_output,1,1,2.48015873015873e-05,5075.0,"[1, 1, 1, 1, 1, 1, 1, 1]"
student240104347,time_output,1,1,2.48015873015873e-05,6696.984375,"[1, 1, 1, 1, 1, 1, 1, 1]"
student278146785,time_output,1,1,2.48015873015873e-05,6948.234375,"[1, 1, 1, 1, 1, 1, 1, 1]"
student295883465,time_output,1,1,2.48015873015873e-05,1695.75,"[1, 1, 1, 1, 1, 1, 1, 1]"
student340575579,time_output,1,1,2.48015873015873e-05,1403.0,"[1, 1, 1, 1, 1, 1, 1, 1]"
student350231331,time_output,2,2,4.96031746031746e-05,12648.4375,"[2, 1, 1, 1, 1, 1, 1]"
student390655586,time_output,1,1,2.48015873015873e-05,7391.609375,"[1, 1, 1, 1, 1, 1, 1, 1]"
student476319830,time_output,1,1,2.48015873015873e-05,23615.484375,"[1, 1, 1, 1, 1, 1, 1, 1]"
student487551197,time_output,1,1,2.48015873015873e-05,3565.234375,"[1, 1, 1, 1, 1, 1, 1, 1]"
student500076089,time_output,2,2,4.96031746031746e-05,12706.4375,"[2, 1, 1, 1, 1, 1, 1]"
student513397576,time_output,1,1,2.48015873015873e-05,1027.4375,"[1, 1, 1, 1, 1, 1, 1, 1]"
student516959771,time_output,1,1,2.48015873015873e-05,595.75,"[1, 1, 1, 1, 1, 1, 1, 1]"
student532875521,time_output,1,1,2.48015873015873e-05,17692.484375,"[1, 1, 1, 1, 1, 1, 1, 1]"
student575073547,time_output,1,1,2.48015873015873e-05,15112.75,"[1, 1, 1, 1, 1, 1, 1, 1]"
student673364615,time_output,1,1,2.48015873015873e-05,1695.859375,"[1, 1, 1, 1, 1, 1, 1, 1]"
student694912523,time_output,1,1,2.48015873015873e-05,2546.9375,"[1, 1, 1, 1, 1, 1, 1, 1]"
student870854685,time_output,1,1,2.48015873015873e-05,2267.234375,"[1, 1, 1, 1, 1, 1, 1, 1]"
student899471171,time_output,1,1,2.48015873015873e-05,15415.4375,"[1, 1, 1, 1, 1, 1, 1, 1]"
student901372626,time_output,1,1,2.48015873015873e-05,17231.5,"[1, 1, 1, 1, 1, 1, 1, 1]"
student914411502,time_output,1,1,2.48015873015873e-05,2167.109375,"[1, 1, 1, 1, 1, 1, 1, 1]"
student918195873,time_output,1,1,2.48015873015873e-05,6386.234375,"[1, 1, 1, 1, 1, 1, 1, 1]"
student925329115,time_output,1,1,2.48015873015873e-05,2123.609375,"[1, 1, 1, 1, 1, 1, 1, 1]"
student931185699,time_output,1,1,2.48015873015873e-05,7196.0,"[1, 1, 1, 1, 1, 1, 1, 1]"
student963260606,time_output,1,1,2.48015873015873e-05,1207.359375,"[1, 1, 1, 1, 1, 1, 1, 1]"
student974787067,time_output,1,1,2.48015873015873e-05,4514.1875,"[1, 1, 1, 1, 1, 1, 1, 1]"
student992610673,time_output,1,1,2.48015873015873e-05,2840.109375,"[1, 1, 1, 1, 1, 1, 1, 1]"
student993246719,time_output,2,2,4.96031746031746e-05,463.859375,"[2, 1, 1, 1, 1, 1, 1]"
student995512205,time_output,1,1,2.48015873015873e-05,6845.9375,"[1, 1, 1, 1, 1, 1, 1, 1]"
WMstudent294414059,time_scaleSM,4,96,0.002380952380952381,0.5,"[4, 2, 2]"
WMstudent386612754,time_scaleSM,3,6,0.00014880952380952382,8.1875,"[3, 1, 1, 1, 1, 1]"
WMstudent501042246,time_scaleSM,3,6,0.00014880952380952382,15.484375,"[3, 1, 1, 1, 1, 1]"
WMstudent610653370,time_scaleSM,4,48,0.0011904761904761906,2.734375,"[4, 2, 1, 1]"
WMstudent638557193,time_scaleSM,4,24,0.0005952380952380953,19.984375,"[4, 1, 1, 1, 1]"
WMstudent794142157,time_scaleSM,4,48,0.0011904761904761906,2.234375,"[4, 2, 1, 1]"
WMstudent839489271,time_scaleSM,3,6,0.00014880952380952382,833.6875,"[3, 1, 1, 1, 1, 1]"
student009256091,time_scaleSM,3,24,0.0005952380952380953,13.359375,"[3, 2, 2, 1]"
student025630924,time_scaleSM,3,24,0.0005952380952380953,0.9375,"[3, 2, 2, 1]"
student058917413,time_scaleSM,3,36,0.0008928571428571428,36.1875,"[3, 3, 1, 1]"
student089211975,time_scaleSM,3,24,0.0005952380952380953,1.5,"[3, 2, 2, 1]"
student136459685,time_scaleSM,3,12,0.00029761904761904765,1.984375,"[3, 2, 1, 1, 1]"
student144545102,time_scaleSM,5,240,0.005952380952380952,1.6875,"[5, 2, 1]"
student144717149,time_scaleSM,6,720,0.017857142857142856,1.0,"[6, 1, 1]"
student148378008,time_scaleSM,3,12,0.00029761904761904765,20.109375,"[3, 2, 1, 1, 1]"
student156355987,time_scaleSM,2,2,4.96031746031746e-05,84.5,"[2, 1, 1, 1, 1, 1, 1]"
student191725291,time_scaleSM,3,12,0.00029761904761904765,12.9375,"[3, 2, 1, 1, 1]"
student240104347,time_scaleSM,2,2,4.96031746031746e-05,27.0,"[2, 1, 1, 1, 1, 1, 1]"
student278146785,time_scaleSM,3,24,0.0005952380952380953,1.484375,"[3, 2, 2, 1]"
student295883465,time_scaleSM,3,12,0.00029761904761904765,3.1875,"[3, 2, 1, 1, 1]"
student340575579,time_scaleSM,2,2,4.96031746031746e-05,20.984375,"[2, 1, 1, 1, 1, 1, 1]"
student350231331,time_scaleSM,2,2,4.96031746031746e-05,27.234375,"[2, 1, 1, 1, 1, 1, 1]"
student390655586,time_scaleSM,4,48,0.0011904761904761906,35.234375,"[4, 2, 1, 1]"
student476319830,time_scaleSM,2,4,9.92063492063492e-05,2.984375,"[2, 2, 1, 1, 1, 1]"
student487551197,time_scaleSM,5,240,0.005952380952380952,0.359375,"[5, 2, 1]"
student500076089,time_scaleSM,7,5040,0.125,0.984375,"[7, 1]"
student513397576,time_scaleSM,4,48,0.0011904761904761906,1.4375,"[4, 2, 1, 1]"
student516959771,time_scaleSM,2,8,0.0001984126984126984,1.859375,"[2, 2, 2, 1, 1]"
student532875521,time_scaleSM,4,48,0.0011904761904761906,1.25,"[4, 2, 1, 1]"
student575073547,time_scaleSM,4,48,0.0011904761904761906,0.734375,"[4, 2, 1, 1]"
student673364615,time_scaleSM,5,240,0.005952380952380952,0.359375,"[5, 2, 1]"
student694912523,time_scaleSM,3,12,0.00029761904761904765,4.984375,"[3, 2, 1, 1, 1]"
student870854685,time_scaleSM,3,6,0.00014880952380952382,17.0,"[3, 1, 1, 1, 1, 1]"
student899471171,time_scaleSM,2,2,4.96031746031746e-05,18.484375,"[2, 1, 1, 1, 1, 1, 1]"
student901372626,time_scaleSM,3,12,0.00029761904761904765,91.234375,"[3, 2, 1, 1, 1]"
student914411502,time_scaleSM,4,48,0.0011904761904761906,1.25,"[4, 2, 1, 1]"
student918195873,time_scaleSM,4,48,0.0011904761904761906,12.5,"[4, 2, 1, 1]"
student925329115,time_scaleSM,2,4,9.92063492063492e-05,18.1875,"[2, 2, 1, 1, 1, 1]"
student931185699,time_scaleSM,4,48,0.0011904761904761906,187.109375,"[4, 2, 1, 1]"
student963260606,time_scaleSM,2,2,4.96031746031746e-05,4.5,"[2, 1, 1, 1, 1, 1, 1]"
student974787067,time_scaleSM,4,48,0.0011904761904761906,1.109375,"[4, 2, 1, 1]"
student992610673,time_scaleSM,3,6,0.00014880952380952382,4.234375,"[3, 1, 1, 1, 1, 1]"
student993246719,time_scaleSM,4,96,0.002380952380952381,3.6875,"[4, 2, 2]"
student995512205,time_scaleSM,5,240,0.005952380952380952,287.859375,"[5, 2, 1]"
WMstudent294414059,time_scaleST,4,144,0.0035714285714285713,0.859375,"[4, 3, 1]"
WMstudent386612754,time_scaleST,4,48,0.0011904761904761906,2.984375,"[4, 2, 1, 1]"
WMstudent501042246,time_scaleST,3,24,0.0005952380952380953,1.109375,"[3, 2, 2, 1]"
WMstudent610653370,time_scaleST,3,12,0.00029761904761904765,2.984375,"[3, 2, 1, 1, 1]"
WMstudent638557193,time_scaleST,2,4,9.92063492063492e-05,8.75,"[2, 2, 1, 1, 1, 1]"
WMstudent794142157,time_scaleST,4,48,0.0011904761904761906,1.4375,"[4, 2, 1, 1]"
WMstudent839489271,time_scaleST,2,8,0.0001984126984126984,2.4375,"[2, 2, 2, 1, 1]"
student009256091,time_scaleST,3,12,0.00029761904761904765,2.0,"[3, 2, 1, 1, 1]"
student025630924,time_scaleST,3,72,0.0017857142857142857,0.609375,"[3, 3, 2]"
student058917413,time_scaleST,4,24,0.0005952380952380953,4.0,"[4, 1, 1, 1, 1]"
student089211975,time_scaleST,4,48,0.0011904761904761906,2.5,"[4, 2, 1, 1]"
student136459685,time_scaleST,5,120,0.002976190476190476,3.859375,"[5, 1, 1, 1]"
student144545102,time_scaleST,6,720,0.017857142857142856,2.859375,"[6, 1, 1]"
student144717149,time_scaleST,6,720,0.017857142857142856,3.0,"[6, 1, 1]"
student148378008,time_scaleST,3,36,0.0008928571428571428,12.25,"[3, 3, 1, 1]"
student156355987,time_scaleST,4,48,0.0011904761904761906,1.6875,"[4, 2, 1, 1]"
student191725291,time_scaleST,3,6,0.00014880952380952382,88.9375,"[3, 1, 1, 1, 1, 1]"
student240104347,time_scaleST,3,6,0.00014880952380952382,14.109375,"[3, 1, 1, 1, 1, 1]"
student278146785,time_scaleST,4,96,0.002380952380952381,0.5,"[4, 2, 2]"
student295883465,time_scaleST,3,12,0.00029761904761904765,93.984375,"[3, 2, 1, 1, 1]"
student340575579,time_scaleST,2,2,4.96031746031746e-05,4.359375,"[2, 1, 1, 1, 1, 1, 1]"
student350231331,time_scaleST,2,8,0.0001984126984126984,2.734375,"[2, 2, 2, 1, 1]"
student390655586,time_scaleST,3,12,0.00029761904761904765,6.0,"[3, 2, 1, 1, 1]"
student476319830,time_scaleST,4,144,0.0035714285714285713,0.4375,"[4, 3, 1]"
student487551197,time_scaleST,4,24,0.0005952380952380953,4.0,"[4, 1, 1, 1, 1]"
student500076089,time_scaleST,4,144,0.0035714285714285713,0.484375,"[4, 3, 1]"
student513397576,time_scaleST,6,720,0.017857142857142856,0.484375,"[6, 1, 1]"
student516959771,time_scaleST,5,240,0.005952380952380952,0.734375,"[5, 2, 1]"
student532875521,time_scaleST,4,48,0.0011904761904761906,0.734375,"[4, 2, 1, 1]"
student575073547,time_scaleST,4,144,0.0035714285714285713,0.859375,"[4, 3, 1]"
student673364615,time_scaleST,4,144,0.0035714285714285713,0.859375,"[4, 3, 1]"
student694912523,time_scaleST,3,12,0.00029761904761904765,13.234375,"[3, 2, 1, 1, 1]"
student870854685,time_scaleST,2,8,0.0001984126984126984,5.0,"[2, 2, 2, 1, 1]"
student899471171,time_scaleST,3,12,0.00029761904761904765,2.9375,"[3, 2, 1, 1, 1]"
student901372626,time_scaleST,4,144,0.0035714285714285713,2.5,"[4, 3, 1]"
student914411502,time_scaleST,3,12,0.00029761904761904765,2.109375,"[3, 2, 1, 1, 1]"
student918195873,time_scaleST,3,36,0.0008928571428571428,1.9375,"[3, 3, 1, 1]"
student925329115,time_scaleST,2,16,0.0003968253968253968,2.1875,"[2, 2, 2, 2]"
student931185699,time_scaleST,3,24,0.0005952380952380953,6.1875,"[3, 2, 2, 1]"
student963260606,time_scaleST,3,12,0.00029761904761904765,18.609375,"[3, 2, 1, 1, 1]"
student974787067,time_scaleST,4,48,0.0011904761904761906,1.609375,"[4, 2, 1, 1]"
student992610673,time_scaleST,3,6,0.00014880952380952382,21.1875,"[3, 1, 1, 1, 1, 1]"
student993246719,time_scaleST,3,6,0.00014880952380952382,6.25,"[3, 1, 1, 1, 1, 1]"
student995512205,time_scaleST,3,36,0.0008928571428571428,0.75,"[3, 3, 1, 1]"
WMstudent294414059,time_syntaxBL,2,4,9.92063492063492e-05,42.109375,"[2, 2, 1, 1, 1, 1]"
WMstudent386612754,time_syntaxBL,1,1,2.48015873015873e-05,62.984375,"[1, 1, 1, 1, 1, 1, 1, 1]"
WMstudent501042246,time_syntaxBL,2,4,9.92063492063492e-05,441.6875,"[2, 2, 1, 1, 1, 1]"
WMstudent610653370,time_syntaxBL,1,1,2.48015873015873e-05,125.609375,"[1, 1, 1, 1, 1, 1, 1, 1]"
WMstudent638557193,time_syntaxBL,3,6,0.00014880952380952382,96.25,"[3, 1, 1, 1, 1, 1]"
WMstudent794142157,time_syntaxBL,2,2,4.96031746031746e-05,176.25,"[2, 1, 1, 1, 1, 1, 1]"
WMstudent839489271,time_syntaxBL,1,1,2.48015873015873e-05,425.25,"[1, 1, 1, 1, 1, 1, 1, 1]"
student009256091,time_syntaxBL,2,2,4.96031746031746e-05,93.609375,"[2, 1, 1, 1, 1, 1, 1]"
student025630924,time_syntaxBL,2,2,4.96031746031746e-05,88.234375,"[2, 1, 1, 1, 1, 1, 1]"
student058917413,time_syntaxBL,2,2,4.96031746031746e-05,73.734375,"[2, 1, 1, 1, 1, 1, 1]"
student089211975,time_syntaxBL,4,24,0.0005952380952380953,197.75,"[4, 1, 1, 1, 1]"
student136459685,time_syntaxBL,3,6,0.00014880952380952382,358.0,"[3, 1, 1, 1, 1, 1]"
student144545102,time_syntaxBL,2,2,4.96031746031746e-05,28.734375,"[2, 1, 1, 1, 1, 1, 1]"
student144717149,time_syntaxBL,2,4,9.92063492063492e-05,4.609375,"[2, 2, 1, 1, 1, 1]"
student148378008,time_syntaxBL,2,2,4.96031746031746e-05,196.984375,"[2, 1, 1, 1, 1, 1, 1]"
student156355987,time_syntaxBL,3,12,0.00029761904761904765,18.75,"[3, 2, 1, 1, 1]"
student191725291,time_syntaxBL,3,12,0.00029761904761904765,52.5,"[3, 2, 1, 1, 1]"
student240104347,time_syntaxBL,1,1,2.48015873015873e-05,118.4375,"[1, 1, 1, 1, 1, 1, 1, 1]"
student278146785,time_syntaxBL,3,6,0.00014880952380952382,52.484375,"[3, 1, 1, 1, 1, 1]"
student295883465,time_syntaxBL,2,8,0.0001984126984126984,10.1875,"[2, 2, 2, 1, 1]"
student340575579,time_syntaxBL,2,2,4.96031746031746e-05,1154.484375,"[2, 1, 1, 1, 1, 1, 1]"
student350231331,time_syntaxBL,2,8,0.0001984126984126984,162.859375,"[2, 2, 2, 1, 1]"
student390655586,time_syntaxBL,2,8,0.0001984126984126984,32.5,"[2, 2, 2, 1, 1]"
student476319830,time_syntaxBL,1,1,2.48015873015873e-05,105.859375,"[1, 1, 1, 1, 1, 1, 1, 1]"
student487551197,time_syntaxBL,3,24,0.0005952380952380953,7.5,"[3, 2, 2, 1]"
student500076089,time_syntaxBL,4,24,0.0005952380952380953,4.6875,"[4, 1, 1, 1, 1]"
student513397576,time_syntaxBL,2,2,4.96031746031746e-05,41.6875,"[2, 1, 1, 1, 1, 1, 1]"
student516959771,time_syntaxBL,2,2,4.96031746031746e-05,139.984375,"[2, 1, 1, 1, 1, 1, 1]"
student532875521,time_syntaxBL,4,24,0.0005952380952380953,20.0,"[4, 1, 1, 1, 1]"
student575073547,time_syntaxBL,2,4,9.92063492063492e-05,5.359375,"[2, 2, 1, 1, 1, 1]"
student673364615,time_syntaxBL,3,6,0.00014880952380952382,318.859375,"[3, 1, 1, 1, 1, 1]"
student694912523,time_syntaxBL,2,2,4.96031746031746e-05,19.25,"[2, 1, 1, 1, 1, 1, 1]"
student870854685,time_syntaxBL,1,1,2.48015873015873e-05,57.75,"[1, 1, 1, 1, 1, 1, 1, 1]"
student899471171,time_syntaxBL,2,2,4.96031746031746e-05,296.9375,"[2, 1, 1, 1, 1, 1, 1]"
student901372626,time_syntaxBL,2,2,4.96031746031746e-05,672.9375,"[2, 1, 1, 1, 1, 1, 1]"
student914411502,time_syntaxBL,3,12,0.00029761904761904765,4.4375,"[3, 2, 1, 1, 1]"
student918195873,time_syntaxBL,2,2,4.96031746031746e-05,185.484375,"[2, 1, 1, 1, 1, 1, 1]"
student925329115,time_syntaxBL,2,4,9.92063492063492e-05,33.25,"[2, 2, 1, 1, 1, 1]"
student931185699,time_syntaxBL,3,12,0.00029761904761904765,25.5,"[3, 2, 1, 1, 1]"
student963260606,time_syntaxBL,2,2,4.96031746031746e-05,280.609375,"[2, 1, 1, 1, 1, 1, 1]"
student974787067,time_syntaxBL,3,6,0.00014880952380952382,95.234375,"[3, 1, 1, 1, 1, 1]"
student992610673,time_syntaxBL,1,1,2.48015873015873e-05,39.4375,"[1, 1, 1, 1, 1, 1, 1, 1]"
student993246719,time_syntaxBL,2,2,4.96031746031746e-05,17.9375,"[2, 1, 1, 1, 1, 1, 1]"
student995512205,time_syntaxBL,2,4,9.92063492063492e-05,59.4375,"[2, 2, 1, 1, 1, 1]"
